0 verbose cli /usr/bin/node /home/phaedrus/.local/bin/npm
1 info using npm@11.4.1
2 info using node@v22.19.0
3 silly config load:file:/home/phaedrus/.local/lib/node_modules/npm/npmrc
4 silly config load:file:/home/phaedrus/.local/share/nvim/mason/staging/vscode-solidity-server/.npmrc
5 silly config load:file:/home/phaedrus/.npmrc
6 silly config load:file:/etc/npmrc
7 verbose title npm install vscode-solidity-server@0.0.185
8 verbose argv "install" "vscode-solidity-server@0.0.185"
9 verbose logfile logs-max:10 dir:/home/phaedrus/.npm/_logs/2025-09-27T22_16_11_731Z-
10 verbose logfile /home/phaedrus/.npm/_logs/2025-09-27T22_16_11_731Z-debug-0.log
11 silly logfile start cleaning logs, removing 1 files
12 silly packumentCache heap:4345298944 maxSize:1086324736 maxEntrySize:543162368
13 silly logfile done cleaning log files
14 silly idealTree buildDeps
15 silly fetch manifest vscode-solidity-server@0.0.185
16 silly packumentCache full:https://registry.npmjs.org/vscode-solidity-server cache-miss
17 http fetch GET 200 https://registry.npmjs.org/vscode-solidity-server 1446ms (cache revalidated)
18 silly packumentCache full:https://registry.npmjs.org/vscode-solidity-server set size:157721 disposed:false
19 silly placeDep ROOT vscode-solidity-server@0.0.185 OK for: @mason/vscode-solidity-server@1.0.0 want: 0.0.185
20 silly fetch manifest @iarna/toml@^2.2.5
21 silly packumentCache full:https://registry.npmjs.org/@iarna%2ftoml cache-miss
22 silly fetch manifest axios@^1.4.0
23 silly packumentCache full:https://registry.npmjs.org/axios cache-miss
24 silly fetch manifest fs-extra@^4.0.3
25 silly packumentCache full:https://registry.npmjs.org/fs-extra cache-miss
26 silly fetch manifest glob@^8.1.0
27 silly packumentCache full:https://registry.npmjs.org/glob cache-miss
28 silly fetch manifest @vscode/vsce@^2.23.0
29 silly packumentCache full:https://registry.npmjs.org/@vscode%2fvsce cache-miss
30 silly fetch manifest nethereum-codegen-old@npm:nethereum-codegen@^1.0.26
31 silly packumentCache full:https://registry.npmjs.org/nethereum-codegen cache-miss
32 silly fetch manifest nethereum-codegen@npm:nethereum-codegen@^3.0.4
33 silly packumentCache full:https://registry.npmjs.org/nethereum-codegen cache-miss
34 silly fetch manifest prettier@^3.2.4
35 silly packumentCache full:https://registry.npmjs.org/prettier cache-miss
36 silly fetch manifest prettier-plugin-solidity@^1.3.1
37 silly packumentCache full:https://registry.npmjs.org/prettier-plugin-solidity cache-miss
38 silly fetch manifest solc@^0.8.29
39 silly packumentCache full:https://registry.npmjs.org/solc cache-miss
40 silly fetch manifest solhint@^5.0.5
41 silly packumentCache full:https://registry.npmjs.org/solhint cache-miss
42 http cache https://registry.npmjs.org/glob 42ms (cache hit)
43 silly packumentCache full:https://registry.npmjs.org/glob set size:408718 disposed:false
44 silly fetch manifest solium@^1.2.5
45 silly packumentCache full:https://registry.npmjs.org/solium cache-miss
46 http cache https://registry.npmjs.org/prettier 49ms (cache hit)
47 silly packumentCache full:https://registry.npmjs.org/prettier set size:608288 disposed:false
48 silly fetch manifest solparse-exp-jb@4.0.0
49 silly packumentCache full:https://registry.npmjs.org/solparse-exp-jb cache-miss
50 http fetch GET 200 https://registry.npmjs.org/fs-extra 91ms (cache revalidated)
51 silly packumentCache full:https://registry.npmjs.org/fs-extra set size:227953 disposed:false
52 silly fetch manifest vscode-languageclient@^8.1.0
53 silly packumentCache full:https://registry.npmjs.org/vscode-languageclient cache-miss
54 http fetch GET 200 https://registry.npmjs.org/nethereum-codegen 322ms (cache revalidated)
55 silly packumentCache full:https://registry.npmjs.org/nethereum-codegen set size:99536 disposed:false
56 silly fetch manifest vscode-languageserver@^8.1.0
57 silly packumentCache full:https://registry.npmjs.org/vscode-languageserver cache-miss
58 http cache https://registry.npmjs.org/vscode-languageserver 4ms (cache hit)
59 silly packumentCache full:https://registry.npmjs.org/vscode-languageserver set size:706236 disposed:false
60 silly fetch manifest vscode-languageserver-textdocument@^1.0.8
61 silly packumentCache full:https://registry.npmjs.org/vscode-languageserver-textdocument cache-miss
62 http cache https://registry.npmjs.org/vscode-languageserver-textdocument 5ms (cache hit)
63 silly packumentCache full:https://registry.npmjs.org/vscode-languageserver-textdocument set size:66497 disposed:false
64 silly fetch manifest vscode-uri@3.0.2
65 silly packumentCache full:https://registry.npmjs.org/vscode-uri cache-miss
66 http cache https://registry.npmjs.org/vscode-uri 2ms (cache hit)
67 silly packumentCache full:https://registry.npmjs.org/vscode-uri set size:75563 disposed:false
68 silly fetch manifest yaml-js@0.2.3
69 silly packumentCache full:https://registry.npmjs.org/yaml-js cache-miss
70 http fetch GET 200 https://registry.npmjs.org/yaml-js 71ms (cache revalidated)
71 silly packumentCache full:https://registry.npmjs.org/yaml-js set size:30382 disposed:false
72 http fetch GET 200 https://registry.npmjs.org/vscode-languageclient 326ms (cache revalidated)
73 silly packumentCache full:https://registry.npmjs.org/vscode-languageclient set size:867931 disposed:false
74 http fetch GET 200 https://registry.npmjs.org/@iarna%2ftoml 489ms (cache revalidated)
75 silly packumentCache full:https://registry.npmjs.org/@iarna%2ftoml set size:102266 disposed:false
76 http fetch GET 200 https://registry.npmjs.org/nethereum-codegen 602ms (cache revalidated)
77 silly packumentCache full:https://registry.npmjs.org/nethereum-codegen set size:99536 disposed:false
78 silly packumentCache full:https://registry.npmjs.org/nethereum-codegen dispose
79 http fetch GET 200 https://registry.npmjs.org/solparse-exp-jb 1273ms (cache revalidated)
80 silly packumentCache full:https://registry.npmjs.org/solparse-exp-jb set size:71959 disposed:false
81 http fetch GET 200 https://registry.npmjs.org/axios 2160ms (cache revalidated)
82 silly packumentCache full:https://registry.npmjs.org/axios set size:641343 disposed:false
83 http fetch GET 200 https://registry.npmjs.org/solium 2365ms (cache revalidated)
84 silly packumentCache full:https://registry.npmjs.org/solium set size:120629 disposed:false
85 http fetch GET 200 https://registry.npmjs.org/@vscode%2fvsce 4398ms (cache revalidated)
86 silly packumentCache full:https://registry.npmjs.org/@vscode%2fvsce set size:519396 disposed:false
87 http fetch GET 200 https://registry.npmjs.org/prettier-plugin-solidity 4832ms (cache revalidated)
88 silly packumentCache full:https://registry.npmjs.org/prettier-plugin-solidity set size:417330 disposed:false
89 http fetch GET 200 https://registry.npmjs.org/solhint 8085ms (cache revalidated)
90 silly packumentCache full:https://registry.npmjs.org/solhint set size:269374 disposed:false
91 http fetch GET 200 https://registry.npmjs.org/solc 9877ms (cache revalidated)
92 silly packumentCache full:https://registry.npmjs.org/solc set size:327606 disposed:false
93 silly placeDep node_modules/vscode-solidity-server @iarna/toml@2.2.5 OK for: vscode-solidity-server@0.0.185 want: ^2.2.5
94 silly placeDep node_modules/vscode-solidity-server @vscode/vsce@2.32.0 OK for: vscode-solidity-server@0.0.185 want: ^2.23.0
95 silly placeDep node_modules/vscode-solidity-server axios@1.12.2 OK for: vscode-solidity-server@0.0.185 want: ^1.4.0
96 silly placeDep node_modules/vscode-solidity-server fs-extra@4.0.3 OK for: vscode-solidity-server@0.0.185 want: ^4.0.3
97 silly placeDep node_modules/vscode-solidity-server glob@8.1.0 OK for: vscode-solidity-server@0.0.185 want: ^8.1.0
98 silly placeDep node_modules/vscode-solidity-server nethereum-codegen@3.0.4 OK for: vscode-solidity-server@0.0.185 want: npm:nethereum-codegen@^3.0.4
99 silly placeDep node_modules/vscode-solidity-server nethereum-codegen-old@1.0.29 OK for: vscode-solidity-server@0.0.185 want: npm:nethereum-codegen@^1.0.26
100 silly placeDep node_modules/vscode-solidity-server prettier@3.6.2 OK for: vscode-solidity-server@0.0.185 want: ^3.2.4
101 silly placeDep node_modules/vscode-solidity-server prettier-plugin-solidity@1.4.3 OK for: vscode-solidity-server@0.0.185 want: ^1.3.1
102 silly placeDep node_modules/vscode-solidity-server solc@0.8.30 OK for: vscode-solidity-server@0.0.185 want: ^0.8.29
103 silly placeDep node_modules/vscode-solidity-server solhint@5.2.0 OK for: vscode-solidity-server@0.0.185 want: ^5.0.5
104 silly placeDep node_modules/vscode-solidity-server solium@1.2.5 OK for: vscode-solidity-server@0.0.185 want: ^1.2.5
105 silly placeDep node_modules/vscode-solidity-server solparse-exp-jb@4.0.0 OK for: vscode-solidity-server@0.0.185 want: 4.0.0
106 silly placeDep node_modules/vscode-solidity-server vscode-languageclient@8.1.0 OK for: vscode-solidity-server@0.0.185 want: ^8.1.0
107 silly placeDep node_modules/vscode-solidity-server vscode-languageserver@8.1.0 OK for: vscode-solidity-server@0.0.185 want: ^8.1.0
108 silly placeDep node_modules/vscode-solidity-server vscode-languageserver-textdocument@1.0.12 OK for: vscode-solidity-server@0.0.185 want: ^1.0.8
109 silly placeDep node_modules/vscode-solidity-server vscode-uri@3.0.2 OK for: vscode-solidity-server@0.0.185 want: 3.0.2
110 silly placeDep node_modules/vscode-solidity-server yaml-js@0.2.3 OK for: vscode-solidity-server@0.0.185 want: 0.2.3
111 silly fetch manifest tmp@^0.2.1
112 silly packumentCache full:https://registry.npmjs.org/tmp cache-miss
113 silly fetch manifest glob@^7.0.6
114 silly packumentCache full:https://registry.npmjs.org/glob cache-hit
115 silly fetch manifest mime@^1.3.4
116 silly packumentCache full:https://registry.npmjs.org/mime cache-miss
117 silly fetch manifest read@^1.0.7
118 silly packumentCache full:https://registry.npmjs.org/read cache-miss
119 silly fetch manifest yazl@^2.2.2
120 silly packumentCache full:https://registry.npmjs.org/yazl cache-miss
121 silly fetch manifest chalk@^2.4.2
122 silly packumentCache full:https://registry.npmjs.org/chalk cache-miss
123 silly fetch manifest leven@^3.1.0
124 silly packumentCache full:https://registry.npmjs.org/leven cache-miss
125 silly fetch manifest yauzl@^2.3.1
126 silly packumentCache full:https://registry.npmjs.org/yauzl cache-miss
127 silly fetch manifest semver@^7.5.2
128 silly packumentCache full:https://registry.npmjs.org/semver cache-miss
129 silly fetch manifest xml2js@^0.5.0
130 silly packumentCache full:https://registry.npmjs.org/xml2js cache-miss
131 silly fetch manifest cheerio@^1.0.0-rc.9
132 silly packumentCache full:https://registry.npmjs.org/cheerio cache-miss
133 silly fetch manifest url-join@^4.0.1
134 silly packumentCache full:https://registry.npmjs.org/url-join cache-miss
135 http cache https://registry.npmjs.org/chalk 31ms (cache hit)
136 silly packumentCache full:https://registry.npmjs.org/chalk set size:117859 disposed:false
137 silly fetch manifest cockatiel@^3.1.2
138 silly packumentCache full:https://registry.npmjs.org/cockatiel cache-miss
139 http fetch GET 200 https://registry.npmjs.org/read 100ms (cache revalidated)
140 silly packumentCache full:https://registry.npmjs.org/read set size:35014 disposed:false
141 silly fetch manifest commander@^6.2.1
142 silly packumentCache full:https://registry.npmjs.org/commander cache-miss
143 http fetch GET 200 https://registry.npmjs.org/cheerio 109ms (cache revalidated)
144 silly packumentCache full:https://registry.npmjs.org/cheerio set size:165745 disposed:false
145 silly fetch manifest form-data@^4.0.0
146 silly packumentCache full:https://registry.npmjs.org/form-data cache-miss
147 http fetch GET 200 https://registry.npmjs.org/mime 126ms (cache revalidated)
148 silly packumentCache full:https://registry.npmjs.org/mime set size:119236 disposed:false
149 silly fetch manifest minimatch@^3.0.3
150 silly packumentCache full:https://registry.npmjs.org/minimatch cache-miss
151 http fetch GET 200 https://registry.npmjs.org/yauzl 144ms (cache revalidated)
152 silly packumentCache full:https://registry.npmjs.org/yauzl set size:97051 disposed:false
153 silly fetch manifest markdown-it@^12.3.2
154 silly packumentCache full:https://registry.npmjs.org/markdown-it cache-miss
155 http cache https://registry.npmjs.org/commander 45ms (cache hit)
156 silly packumentCache full:https://registry.npmjs.org/commander set size:342763 disposed:false
157 silly fetch manifest jsonc-parser@^3.2.0
158 silly packumentCache full:https://registry.npmjs.org/jsonc-parser cache-miss
159 http cache https://registry.npmjs.org/jsonc-parser 13ms (cache hit)
160 silly packumentCache full:https://registry.npmjs.org/jsonc-parser set size:122648 disposed:false
161 silly fetch manifest parse-semver@^1.1.1
162 silly packumentCache full:https://registry.npmjs.org/parse-semver cache-miss
163 http fetch GET 200 https://registry.npmjs.org/minimatch 120ms (cache revalidated)
164 silly packumentCache full:https://registry.npmjs.org/minimatch set size:298903 disposed:false
165 silly fetch manifest @azure/identity@^4.1.0
166 silly packumentCache full:https://registry.npmjs.org/@azure%2fidentity cache-miss
167 http fetch GET 200 https://registry.npmjs.org/markdown-it 116ms (cache revalidated)
168 silly packumentCache full:https://registry.npmjs.org/markdown-it set size:218812 disposed:false
169 silly fetch manifest hosted-git-info@^4.0.2
170 silly packumentCache full:https://registry.npmjs.org/hosted-git-info cache-miss
171 http fetch GET 200 https://registry.npmjs.org/url-join 324ms (cache revalidated)
172 silly packumentCache full:https://registry.npmjs.org/url-join set size:22958 disposed:false
173 silly fetch manifest @vscode/vsce-sign@^2.0.0
174 silly packumentCache full:https://registry.npmjs.org/@vscode%2fvsce-sign cache-miss
175 http fetch GET 200 https://registry.npmjs.org/tmp 349ms (cache revalidated)
176 silly packumentCache full:https://registry.npmjs.org/tmp set size:75086 disposed:false
177 silly fetch manifest typed-rest-client@^1.8.4
178 silly packumentCache full:https://registry.npmjs.org/typed-rest-client cache-miss
179 http fetch GET 200 https://registry.npmjs.org/semver 361ms (cache revalidated)
180 silly packumentCache full:https://registry.npmjs.org/semver set size:224186 disposed:false
181 silly fetch manifest azure-devops-node-api@^12.5.0
182 silly packumentCache full:https://registry.npmjs.org/azure-devops-node-api cache-miss
183 http fetch GET 200 https://registry.npmjs.org/cockatiel 338ms (cache revalidated)
184 silly packumentCache full:https://registry.npmjs.org/cockatiel set size:129663 disposed:false
185 silly fetch manifest keytar@^7.7.0
186 silly packumentCache full:https://registry.npmjs.org/keytar cache-miss
187 http fetch GET 200 https://registry.npmjs.org/hosted-git-info 110ms (cache revalidated)
188 silly packumentCache full:https://registry.npmjs.org/hosted-git-info set size:173541 disposed:false
189 silly fetch manifest form-data@^4.0.4
190 silly packumentCache full:https://registry.npmjs.org/form-data cache-miss
191 http fetch GET 200 https://registry.npmjs.org/@azure%2fidentity 161ms (cache revalidated)
192 silly packumentCache full:https://registry.npmjs.org/@azure%2fidentity set size:5480988 disposed:false
193 silly fetch manifest proxy-from-env@^1.1.0
194 silly packumentCache full:https://registry.npmjs.org/proxy-from-env cache-miss
195 http fetch GET 200 https://registry.npmjs.org/@vscode%2fvsce-sign 151ms (cache revalidated)
196 silly packumentCache full:https://registry.npmjs.org/@vscode%2fvsce-sign set size:21533 disposed:false
197 silly fetch manifest follow-redirects@^1.15.6
198 silly packumentCache full:https://registry.npmjs.org/follow-redirects cache-miss
199 http fetch GET 200 https://registry.npmjs.org/typed-rest-client 138ms (cache revalidated)
200 silly packumentCache full:https://registry.npmjs.org/typed-rest-client set size:100168 disposed:false
201 silly fetch manifest jsonfile@^4.0.0
202 silly packumentCache full:https://registry.npmjs.org/jsonfile cache-miss
203 http fetch GET 200 https://registry.npmjs.org/keytar 120ms (cache revalidated)
204 silly packumentCache full:https://registry.npmjs.org/keytar set size:246841 disposed:false
205 silly fetch manifest graceful-fs@^4.1.2
206 silly packumentCache full:https://registry.npmjs.org/graceful-fs cache-miss
207 http fetch GET 200 https://registry.npmjs.org/parse-semver 345ms (cache revalidated)
208 silly packumentCache full:https://registry.npmjs.org/parse-semver set size:14561 disposed:false
209 silly fetch manifest universalify@^0.1.0
210 silly packumentCache full:https://registry.npmjs.org/universalify cache-miss
211 http fetch GET 200 https://registry.npmjs.org/proxy-from-env 106ms (cache revalidated)
212 silly packumentCache full:https://registry.npmjs.org/proxy-from-env set size:15831 disposed:false
213 silly fetch manifest once@^1.3.0
214 silly packumentCache full:https://registry.npmjs.org/once cache-miss
215 http fetch GET 200 https://registry.npmjs.org/graceful-fs 73ms (cache revalidated)
216 silly packumentCache full:https://registry.npmjs.org/graceful-fs set size:124285 disposed:false
217 silly fetch manifest inflight@^1.0.4
218 silly packumentCache full:https://registry.npmjs.org/inflight cache-miss
219 http fetch GET 200 https://registry.npmjs.org/jsonfile 89ms (cache revalidated)
220 silly packumentCache full:https://registry.npmjs.org/jsonfile set size:51519 disposed:false
221 silly fetch manifest inherits@2
222 silly packumentCache full:https://registry.npmjs.org/inherits cache-miss
223 http fetch GET 200 https://registry.npmjs.org/leven 588ms (cache revalidated)
224 silly packumentCache full:https://registry.npmjs.org/leven set size:23210 disposed:false
225 silly fetch manifest minimatch@^5.0.1
226 silly packumentCache full:https://registry.npmjs.org/minimatch cache-hit
227 silly fetch manifest fs.realpath@^1.0.0
228 silly packumentCache full:https://registry.npmjs.org/fs.realpath cache-miss
229 http fetch GET 200 https://registry.npmjs.org/follow-redirects 104ms (cache revalidated)
230 silly packumentCache full:https://registry.npmjs.org/follow-redirects set size:186700 disposed:false
231 silly fetch manifest fs-extra@^5.0.0
232 silly packumentCache full:https://registry.npmjs.org/fs-extra cache-hit
233 silly fetch manifest semver@^7.7.1
234 silly packumentCache full:https://registry.npmjs.org/semver cache-hit
235 silly fetch manifest @solidity-parser/parser@^0.20.1
236 silly packumentCache full:https://registry.npmjs.org/@solidity-parser%2fparser cache-miss
237 http fetch GET 200 https://registry.npmjs.org/universalify 72ms (cache revalidated)
238 silly packumentCache full:https://registry.npmjs.org/universalify set size:19431 disposed:false
239 silly fetch manifest tmp@0.0.33
240 silly packumentCache full:https://registry.npmjs.org/tmp cache-hit
241 silly fetch manifest semver@^5.5.0
242 silly packumentCache full:https://registry.npmjs.org/semver cache-hit
243 silly fetch manifest js-sha3@0.8.0
244 silly packumentCache full:https://registry.npmjs.org/js-sha3 cache-miss
245 http fetch GET 200 https://registry.npmjs.org/once 66ms (cache revalidated)
246 silly packumentCache full:https://registry.npmjs.org/once set size:11768 disposed:false
247 silly fetch manifest commander@^8.1.0
248 silly packumentCache full:https://registry.npmjs.org/commander cache-hit
249 silly fetch manifest memorystream@^0.3.1
250 silly packumentCache full:https://registry.npmjs.org/memorystream cache-miss
251 http fetch GET 200 https://registry.npmjs.org/inherits 72ms (cache revalidated)
252 silly packumentCache full:https://registry.npmjs.org/inherits set size:12925 disposed:false
253 silly fetch manifest command-exists@^1.2.8
254 silly packumentCache full:https://registry.npmjs.org/command-exists cache-miss
255 http fetch GET 200 https://registry.npmjs.org/inflight 82ms (cache revalidated)
256 silly packumentCache full:https://registry.npmjs.org/inflight set size:13140 disposed:false
257 silly fetch manifest follow-redirects@^1.12.1
258 silly packumentCache full:https://registry.npmjs.org/follow-redirects cache-hit
259 silly fetch manifest ajv@^6.12.6
260 silly packumentCache full:https://registry.npmjs.org/ajv cache-miss
261 http cache https://registry.npmjs.org/ajv 15ms (cache hit)
262 silly packumentCache full:https://registry.npmjs.org/ajv set size:1126055 disposed:false
263 silly fetch manifest chalk@^4.1.2
264 silly packumentCache full:https://registry.npmjs.org/chalk cache-hit
265 silly fetch manifest table@^6.8.1
266 silly packumentCache full:https://registry.npmjs.org/table cache-miss
267 http fetch GET 200 https://registry.npmjs.org/js-sha3 106ms (cache revalidated)
268 silly packumentCache full:https://registry.npmjs.org/js-sha3 set size:44756 disposed:false
269 silly fetch manifest antlr4@^4.13.1-patch-1
270 silly packumentCache full:https://registry.npmjs.org/antlr4 cache-miss
271 http fetch GET 200 https://registry.npmjs.org/form-data 320ms (cache revalidated)
272 silly packumentCache full:https://registry.npmjs.org/form-data set size:137336 disposed:false
273 silly fetch manifest ignore@^5.2.4
274 silly packumentCache full:https://registry.npmjs.org/ignore cache-miss
275 http fetch GET 200 https://registry.npmjs.org/memorystream 86ms (cache revalidated)
276 silly packumentCache full:https://registry.npmjs.org/memorystream set size:16698 disposed:false
277 silly fetch manifest lodash@^4.17.21
278 silly packumentCache full:https://registry.npmjs.org/lodash cache-miss
279 http cache https://registry.npmjs.org/lodash 4ms (cache hit)
280 silly packumentCache full:https://registry.npmjs.org/lodash set size:242466 disposed:false
281 silly fetch manifest js-yaml@^4.1.0
282 silly packumentCache full:https://registry.npmjs.org/js-yaml cache-miss
283 http fetch GET 200 https://registry.npmjs.org/command-exists 82ms (cache revalidated)
284 silly packumentCache full:https://registry.npmjs.org/command-exists set size:31903 disposed:false
285 silly fetch manifest fs-extra@^11.1.0
286 silly packumentCache full:https://registry.npmjs.org/fs-extra cache-hit
287 silly fetch manifest commander@^10.0.0
288 silly packumentCache full:https://registry.npmjs.org/commander cache-hit
289 silly fetch manifest fast-diff@^1.2.0
290 silly packumentCache full:https://registry.npmjs.org/fast-diff cache-miss
291 http fetch GET 200 https://registry.npmjs.org/form-data 632ms (cache revalidated)
292 silly packumentCache full:https://registry.npmjs.org/form-data set size:137336 disposed:false
293 silly packumentCache full:https://registry.npmjs.org/form-data dispose
294 silly fetch manifest pluralize@^8.0.0
295 silly packumentCache full:https://registry.npmjs.org/pluralize cache-miss
296 http fetch GET 200 https://registry.npmjs.org/table 72ms (cache revalidated)
297 silly packumentCache full:https://registry.npmjs.org/table set size:296407 disposed:false
298 silly fetch manifest ajv-errors@^1.0.1
299 silly packumentCache full:https://registry.npmjs.org/ajv-errors cache-miss
300 http fetch GET 200 https://registry.npmjs.org/@solidity-parser%2fparser 206ms (cache revalidated)
301 silly packumentCache full:https://registry.npmjs.org/@solidity-parser%2fparser set size:212196 disposed:false
302 silly fetch manifest strip-ansi@^6.0.1
303 silly packumentCache full:https://registry.npmjs.org/strip-ansi cache-miss
304 http fetch GET 200 https://registry.npmjs.org/fast-diff 65ms (cache revalidated)
305 silly packumentCache full:https://registry.npmjs.org/fast-diff set size:12246 disposed:false
306 silly fetch manifest text-table@^0.2.0
307 silly packumentCache full:https://registry.npmjs.org/text-table cache-miss
308 http fetch GET 200 https://registry.npmjs.org/js-yaml 75ms (cache revalidated)
309 silly packumentCache full:https://registry.npmjs.org/js-yaml set size:145975 disposed:false
310 silly fetch manifest ast-parents@^0.0.1
311 silly packumentCache full:https://registry.npmjs.org/ast-parents cache-miss
312 http fetch GET 200 https://registry.npmjs.org/xml2js 836ms (cache revalidated)
313 silly packumentCache full:https://registry.npmjs.org/xml2js set size:198018 disposed:false
314 silly fetch manifest cosmiconfig@^8.0.0
315 silly packumentCache full:https://registry.npmjs.org/cosmiconfig cache-miss
316 http fetch GET 200 https://registry.npmjs.org/ajv-errors 87ms (cache revalidated)
317 silly packumentCache full:https://registry.npmjs.org/ajv-errors set size:52956 disposed:false
318 silly fetch manifest latest-version@^7.0.0
319 silly packumentCache full:https://registry.npmjs.org/latest-version cache-miss
320 http fetch GET 200 https://registry.npmjs.org/yazl 871ms (cache revalidated)
321 silly packumentCache full:https://registry.npmjs.org/yazl set size:67197 disposed:false
322 silly fetch manifest better-ajv-errors@^2.0.2
323 silly packumentCache full:https://registry.npmjs.org/better-ajv-errors cache-miss
324 http fetch GET 200 https://registry.npmjs.org/text-table 69ms (cache revalidated)
325 silly packumentCache full:https://registry.npmjs.org/text-table set size:20701 disposed:false
326 silly fetch manifest @solidity-parser/parser@^0.20.0
327 silly packumentCache full:https://registry.npmjs.org/@solidity-parser%2fparser cache-hit
328 silly fetch manifest prettier@^2.8.3
329 silly packumentCache full:https://registry.npmjs.org/prettier cache-hit
330 silly fetch manifest ajv@^5.2.2
331 silly packumentCache full:https://registry.npmjs.org/ajv cache-miss
332 http cache https://registry.npmjs.org/ajv 6ms (cache hit)
333 silly packumentCache full:https://registry.npmjs.org/ajv set size:1126055 disposed:false
334 silly fetch manifest chokidar@^1.6.0
335 silly packumentCache full:https://registry.npmjs.org/chokidar cache-miss
336 http fetch GET 200 https://registry.npmjs.org/ast-parents 91ms (cache revalidated)
337 silly packumentCache full:https://registry.npmjs.org/ast-parents set size:4172 disposed:false
338 silly fetch manifest colors@^1.1.2
339 silly packumentCache full:https://registry.npmjs.org/colors cache-miss
340 http fetch GET 200 https://registry.npmjs.org/strip-ansi 105ms (cache revalidated)
341 silly packumentCache full:https://registry.npmjs.org/strip-ansi set size:41855 disposed:false
342 silly fetch manifest commander@^2.9.0
343 silly packumentCache full:https://registry.npmjs.org/commander cache-hit
344 silly fetch manifest diff@^3.5.0
345 silly packumentCache full:https://registry.npmjs.org/diff cache-miss
346 http fetch GET 200 https://registry.npmjs.org/cosmiconfig 79ms (cache revalidated)
347 silly packumentCache full:https://registry.npmjs.org/cosmiconfig set size:275399 disposed:false
348 silly fetch manifest eol@^0.9.1
349 silly packumentCache full:https://registry.npmjs.org/eol cache-miss
350 http fetch GET 200 https://registry.npmjs.org/better-ajv-errors 61ms (cache revalidated)
351 silly packumentCache full:https://registry.npmjs.org/better-ajv-errors set size:123954 disposed:false
352 silly fetch manifest js-string-escape@^1.0.1
353 silly packumentCache full:https://registry.npmjs.org/js-string-escape cache-miss
354 http fetch GET 200 https://registry.npmjs.org/fs.realpath 357ms (cache revalidated)
355 silly packumentCache full:https://registry.npmjs.org/fs.realpath set size:4806 disposed:false
356 silly fetch manifest lodash@^4.14.2
357 silly packumentCache full:https://registry.npmjs.org/lodash cache-hit
358 silly fetch manifest sol-digger@0.0.2
359 silly packumentCache full:https://registry.npmjs.org/sol-digger cache-miss
360 http fetch GET 200 https://registry.npmjs.org/azure-devops-node-api 597ms (cache revalidated)
361 silly packumentCache full:https://registry.npmjs.org/azure-devops-node-api set size:107315 disposed:false
362 silly fetch manifest sol-explore@1.6.1
363 silly packumentCache full:https://registry.npmjs.org/sol-explore cache-miss
364 http fetch GET 200 https://registry.npmjs.org/chokidar 89ms (cache revalidated)
365 silly packumentCache full:https://registry.npmjs.org/chokidar set size:253451 disposed:false
366 silly fetch manifest solium-plugin-security@0.1.1
367 silly packumentCache full:https://registry.npmjs.org/solium-plugin-security cache-miss
368 http fetch GET 200 https://registry.npmjs.org/ignore 327ms (cache revalidated)
369 silly packumentCache full:https://registry.npmjs.org/ignore set size:237380 disposed:false
370 silly fetch manifest solparse@2.2.8
371 silly packumentCache full:https://registry.npmjs.org/solparse cache-miss
372 http fetch GET 200 https://registry.npmjs.org/antlr4 338ms (cache revalidated)
373 silly packumentCache full:https://registry.npmjs.org/antlr4 set size:78828 disposed:false
374 silly fetch manifest peggy@^1.2.0
375 silly packumentCache full:https://registry.npmjs.org/peggy cache-miss
376 http fetch GET 200 https://registry.npmjs.org/sol-digger 209ms (cache revalidated)
377 silly packumentCache full:https://registry.npmjs.org/sol-digger set size:6004 disposed:false
378 silly fetch manifest yargs@^10.0.3
379 silly packumentCache full:https://registry.npmjs.org/yargs cache-miss
380 http fetch GET 200 https://registry.npmjs.org/latest-version 333ms (cache revalidated)
381 silly packumentCache full:https://registry.npmjs.org/latest-version set size:33182 disposed:false
382 silly fetch manifest semver@^7.3.7
383 silly packumentCache full:https://registry.npmjs.org/semver cache-hit
384 silly fetch manifest minimatch@^5.1.0
385 silly packumentCache full:https://registry.npmjs.org/minimatch cache-hit
386 silly fetch manifest vscode-languageserver-protocol@3.17.3
387 silly packumentCache full:https://registry.npmjs.org/vscode-languageserver-protocol cache-miss
388 http cache https://registry.npmjs.org/vscode-languageserver-protocol 7ms (cache hit)
389 silly packumentCache full:https://registry.npmjs.org/vscode-languageserver-protocol set size:479089 disposed:false
390 http fetch GET 200 https://registry.npmjs.org/yargs 118ms (cache revalidated)
391 silly packumentCache full:https://registry.npmjs.org/yargs set size:743056 disposed:false
392 http fetch GET 200 https://registry.npmjs.org/colors 382ms (cache revalidated)
393 silly packumentCache full:https://registry.npmjs.org/colors set size:55711 disposed:false
394 http fetch GET 200 https://registry.npmjs.org/eol 362ms (cache revalidated)
395 silly packumentCache full:https://registry.npmjs.org/eol set size:25099 disposed:false
396 http fetch GET 200 https://registry.npmjs.org/diff 381ms (cache revalidated)
397 silly packumentCache full:https://registry.npmjs.org/diff set size:149252 disposed:false
398 http fetch GET 200 https://registry.npmjs.org/js-string-escape 356ms (cache revalidated)
399 silly packumentCache full:https://registry.npmjs.org/js-string-escape set size:6318 disposed:false
400 http fetch GET 200 https://registry.npmjs.org/sol-explore 343ms (cache revalidated)
401 silly packumentCache full:https://registry.npmjs.org/sol-explore set size:20340 disposed:false
402 http fetch GET 200 https://registry.npmjs.org/pluralize 560ms (cache revalidated)
403 silly packumentCache full:https://registry.npmjs.org/pluralize set size:55503 disposed:false
404 http fetch GET 200 https://registry.npmjs.org/solparse 348ms (cache revalidated)
405 silly packumentCache full:https://registry.npmjs.org/solparse set size:80739 disposed:false
406 http fetch GET 200 https://registry.npmjs.org/peggy 356ms (cache revalidated)
407 silly packumentCache full:https://registry.npmjs.org/peggy set size:171098 disposed:false
408 http fetch GET 200 https://registry.npmjs.org/solium-plugin-security 590ms (cache revalidated)
409 silly packumentCache full:https://registry.npmjs.org/solium-plugin-security set size:19815 disposed:false
410 silly placeDep node_modules/vscode-solidity-server @azure/identity@4.12.0 OK for: @vscode/vsce@2.32.0 want: ^4.1.0
411 silly placeDep node_modules/vscode-solidity-server @vscode/vsce-sign@2.0.7 OK for: @vscode/vsce@2.32.0 want: ^2.0.0
412 silly placeDep node_modules/vscode-solidity-server azure-devops-node-api@12.5.0 OK for: @vscode/vsce@2.32.0 want: ^12.5.0
413 silly placeDep node_modules/vscode-solidity-server chalk@2.4.2 OK for: @vscode/vsce@2.32.0 want: ^2.4.2
414 silly placeDep node_modules/vscode-solidity-server cheerio@1.1.2 OK for: @vscode/vsce@2.32.0 want: ^1.0.0-rc.9
415 silly placeDep node_modules/vscode-solidity-server cockatiel@3.2.1 OK for: @vscode/vsce@2.32.0 want: ^3.1.2
416 silly placeDep node_modules/vscode-solidity-server commander@6.2.1 OK for: @vscode/vsce@2.32.0 want: ^6.2.1
417 silly placeDep node_modules/vscode-solidity-server form-data@4.0.4 OK for: @vscode/vsce@2.32.0 want: ^4.0.0
418 silly placeDep node_modules/vscode-solidity-server/node_modules/@vscode/vsce glob@7.2.3 OK for: @vscode/vsce@2.32.0 want: ^7.0.6
419 silly placeDep node_modules/vscode-solidity-server hosted-git-info@4.1.0 OK for: @vscode/vsce@2.32.0 want: ^4.0.2
420 silly placeDep node_modules/vscode-solidity-server jsonc-parser@3.3.1 OK for: @vscode/vsce@2.32.0 want: ^3.2.0
421 silly placeDep node_modules/vscode-solidity-server keytar@7.9.0 OK for: @vscode/vsce@2.32.0 want: ^7.7.0
422 silly placeDep node_modules/vscode-solidity-server leven@3.1.0 OK for: @vscode/vsce@2.32.0 want: ^3.1.0
423 silly placeDep node_modules/vscode-solidity-server markdown-it@12.3.2 OK for: @vscode/vsce@2.32.0 want: ^12.3.2
424 silly placeDep node_modules/vscode-solidity-server mime@1.6.0 OK for: @vscode/vsce@2.32.0 want: ^1.3.4
425 silly placeDep node_modules/vscode-solidity-server minimatch@3.1.2 OK for: @vscode/vsce@2.32.0 want: ^3.0.3
426 silly placeDep node_modules/vscode-solidity-server parse-semver@1.1.1 OK for: @vscode/vsce@2.32.0 want: ^1.1.1
427 silly placeDep node_modules/vscode-solidity-server read@1.0.7 OK for: @vscode/vsce@2.32.0 want: ^1.0.7
428 silly placeDep node_modules/vscode-solidity-server semver@7.7.2 OK for: @vscode/vsce@2.32.0 want: ^7.5.2
429 silly placeDep node_modules/vscode-solidity-server tmp@0.2.5 OK for: @vscode/vsce@2.32.0 want: ^0.2.1
430 silly placeDep node_modules/vscode-solidity-server typed-rest-client@1.8.11 OK for: @vscode/vsce@2.32.0 want: ^1.8.4
431 silly placeDep node_modules/vscode-solidity-server url-join@4.0.1 OK for: @vscode/vsce@2.32.0 want: ^4.0.1
432 silly placeDep node_modules/vscode-solidity-server xml2js@0.5.0 OK for: @vscode/vsce@2.32.0 want: ^0.5.0
433 silly placeDep node_modules/vscode-solidity-server yauzl@2.10.0 OK for: @vscode/vsce@2.32.0 want: ^2.3.1
434 silly placeDep node_modules/vscode-solidity-server yazl@2.5.1 OK for: @vscode/vsce@2.32.0 want: ^2.2.2
435 silly fetch manifest @azure/abort-controller@^2.0.0
436 silly packumentCache full:https://registry.npmjs.org/@azure%2fabort-controller cache-miss
437 silly fetch manifest @azure/core-auth@^1.9.0
438 silly packumentCache full:https://registry.npmjs.org/@azure%2fcore-auth cache-miss
439 silly fetch manifest @azure/core-client@^1.9.2
440 silly packumentCache full:https://registry.npmjs.org/@azure%2fcore-client cache-miss
441 silly fetch manifest @azure/core-rest-pipeline@^1.17.0
442 silly packumentCache full:https://registry.npmjs.org/@azure%2fcore-rest-pipeline cache-miss
443 silly fetch manifest @azure/core-tracing@^1.0.0
444 silly packumentCache full:https://registry.npmjs.org/@azure%2fcore-tracing cache-miss
445 silly fetch manifest @azure/core-util@^1.11.0
446 silly packumentCache full:https://registry.npmjs.org/@azure%2fcore-util cache-miss
447 silly fetch manifest @azure/logger@^1.0.0
448 silly packumentCache full:https://registry.npmjs.org/@azure%2flogger cache-miss
449 silly fetch manifest @azure/msal-browser@^4.2.0
450 silly packumentCache full:https://registry.npmjs.org/@azure%2fmsal-browser cache-miss
451 silly fetch manifest @azure/msal-node@^3.5.0
452 silly packumentCache full:https://registry.npmjs.org/@azure%2fmsal-node cache-miss
453 silly fetch manifest open@^10.1.0
454 silly packumentCache full:https://registry.npmjs.org/open cache-miss
455 silly fetch manifest tslib@^2.2.0
456 silly packumentCache full:https://registry.npmjs.org/tslib cache-miss
457 http fetch GET 200 https://registry.npmjs.org/open 71ms (cache revalidated)
458 silly packumentCache full:https://registry.npmjs.org/open set size:133517 disposed:false
459 silly fetch manifest @vscode/vsce-sign-darwin-arm64@2.0.6
460 silly packumentCache full:https://registry.npmjs.org/@vscode%2fvsce-sign-darwin-arm64 cache-miss
461 http fetch GET 200 https://registry.npmjs.org/tslib 88ms (cache revalidated)
462 silly packumentCache full:https://registry.npmjs.org/tslib set size:108820 disposed:false
463 silly fetch manifest @vscode/vsce-sign-darwin-x64@2.0.6
464 silly packumentCache full:https://registry.npmjs.org/@vscode%2fvsce-sign-darwin-x64 cache-miss
465 http fetch GET 200 https://registry.npmjs.org/@azure%2fcore-tracing 120ms (cache revalidated)
466 silly packumentCache full:https://registry.npmjs.org/@azure%2fcore-tracing set size:2255811 disposed:false
467 silly fetch manifest @vscode/vsce-sign-win32-arm64@2.0.6
468 silly packumentCache full:https://registry.npmjs.org/@vscode%2fvsce-sign-win32-arm64 cache-miss
469 http fetch GET 200 https://registry.npmjs.org/@azure%2flogger 179ms (cache revalidated)
470 silly packumentCache full:https://registry.npmjs.org/@azure%2flogger set size:2194099 disposed:false
471 silly fetch manifest @vscode/vsce-sign-win32-x64@2.0.6
472 silly packumentCache full:https://registry.npmjs.org/@vscode%2fvsce-sign-win32-x64 cache-miss
473 http fetch GET 200 https://registry.npmjs.org/@azure%2fcore-client 215ms (cache revalidated)
474 silly packumentCache full:https://registry.npmjs.org/@azure%2fcore-client set size:2268636 disposed:false
475 silly fetch manifest @vscode/vsce-sign-linux-arm64@2.0.6
476 silly packumentCache full:https://registry.npmjs.org/@vscode%2fvsce-sign-linux-arm64 cache-miss
477 http fetch GET 200 https://registry.npmjs.org/@azure%2fmsal-browser 242ms (cache revalidated)
478 silly packumentCache full:https://registry.npmjs.org/@azure%2fmsal-browser set size:654845 disposed:false
479 silly fetch manifest @vscode/vsce-sign-linux-arm@2.0.6
480 silly packumentCache full:https://registry.npmjs.org/@vscode%2fvsce-sign-linux-arm cache-miss
481 http fetch GET 200 https://registry.npmjs.org/@vscode%2fvsce-sign-darwin-arm64 198ms (cache revalidated)
482 silly packumentCache full:https://registry.npmjs.org/@vscode%2fvsce-sign-darwin-arm64 set size:11523 disposed:false
483 silly fetch manifest @vscode/vsce-sign-linux-x64@2.0.6
484 silly packumentCache full:https://registry.npmjs.org/@vscode%2fvsce-sign-linux-x64 cache-miss
485 http fetch GET 200 https://registry.npmjs.org/@azure%2fcore-util 374ms (cache revalidated)
486 silly packumentCache full:https://registry.npmjs.org/@azure%2fcore-util set size:1882190 disposed:false
487 silly fetch manifest @vscode/vsce-sign-alpine-arm64@2.0.6
488 silly packumentCache full:https://registry.npmjs.org/@vscode%2fvsce-sign-alpine-arm64 cache-miss
489 http fetch GET 200 https://registry.npmjs.org/@azure%2fcore-rest-pipeline 416ms (cache revalidated)
490 silly packumentCache full:https://registry.npmjs.org/@azure%2fcore-rest-pipeline set size:2810892 disposed:false
491 silly fetch manifest @vscode/vsce-sign-alpine-x64@2.0.6
492 silly packumentCache full:https://registry.npmjs.org/@vscode%2fvsce-sign-alpine-x64 cache-miss
493 http fetch GET 200 https://registry.npmjs.org/@vscode%2fvsce-sign-darwin-x64 335ms (cache revalidated)
494 silly packumentCache full:https://registry.npmjs.org/@vscode%2fvsce-sign-darwin-x64 set size:11405 disposed:false
495 silly fetch manifest tunnel@0.0.6
496 silly packumentCache full:https://registry.npmjs.org/tunnel cache-miss
497 http fetch GET 200 https://registry.npmjs.org/@azure%2fabort-controller 440ms (cache revalidated)
498 silly packumentCache full:https://registry.npmjs.org/@azure%2fabort-controller set size:2570811 disposed:false
499 silly fetch manifest ansi-styles@^3.2.1
500 silly packumentCache full:https://registry.npmjs.org/ansi-styles cache-miss
501 http fetch GET 200 https://registry.npmjs.org/tunnel 81ms (cache revalidated)
502 silly packumentCache full:https://registry.npmjs.org/tunnel set size:16388 disposed:false
503 silly fetch manifest supports-color@^5.3.0
504 silly packumentCache full:https://registry.npmjs.org/supports-color cache-miss
505 http fetch GET 200 https://registry.npmjs.org/ansi-styles 90ms (cache revalidated)
506 silly packumentCache full:https://registry.npmjs.org/ansi-styles set size:63233 disposed:false
507 silly fetch manifest escape-string-regexp@^1.0.5
508 silly packumentCache full:https://registry.npmjs.org/escape-string-regexp cache-miss
509 http fetch GET 200 https://registry.npmjs.org/supports-color 77ms (cache revalidated)
510 silly packumentCache full:https://registry.npmjs.org/supports-color set size:118680 disposed:false
511 silly fetch manifest cheerio-select@^2.1.0
512 silly packumentCache full:https://registry.npmjs.org/cheerio-select cache-miss
513 http fetch GET 200 https://registry.npmjs.org/@vscode%2fvsce-sign-linux-arm 364ms (cache revalidated)
514 silly packumentCache full:https://registry.npmjs.org/@vscode%2fvsce-sign-linux-arm set size:11341 disposed:false
515 silly fetch manifest dom-serializer@^2.0.0
516 silly packumentCache full:https://registry.npmjs.org/dom-serializer cache-miss
517 http fetch GET 200 https://registry.npmjs.org/@azure%2fcore-auth 640ms (cache revalidated)
518 silly packumentCache full:https://registry.npmjs.org/@azure%2fcore-auth set size:2247575 disposed:false
519 silly fetch manifest domhandler@^5.0.3
520 silly packumentCache full:https://registry.npmjs.org/domhandler cache-miss
521 http fetch GET 200 https://registry.npmjs.org/@vscode%2fvsce-sign-win32-x64 511ms (cache revalidated)
522 silly packumentCache full:https://registry.npmjs.org/@vscode%2fvsce-sign-win32-x64 set size:11338 disposed:false
523 silly fetch manifest domutils@^3.2.2
524 silly packumentCache full:https://registry.npmjs.org/domutils cache-miss
525 http fetch GET 200 https://registry.npmjs.org/@vscode%2fvsce-sign-linux-arm64 478ms (cache revalidated)
526 silly packumentCache full:https://registry.npmjs.org/@vscode%2fvsce-sign-linux-arm64 set size:11462 disposed:false
527 silly fetch manifest encoding-sniffer@^0.2.1
528 silly packumentCache full:https://registry.npmjs.org/encoding-sniffer cache-miss
529 http fetch GET 200 https://registry.npmjs.org/@vscode%2fvsce-sign-linux-x64 446ms (cache revalidated)
530 silly packumentCache full:https://registry.npmjs.org/@vscode%2fvsce-sign-linux-x64 set size:11343 disposed:false
531 silly fetch manifest htmlparser2@^10.0.0
532 silly packumentCache full:https://registry.npmjs.org/htmlparser2 cache-miss
533 http fetch GET 200 https://registry.npmjs.org/escape-string-regexp 174ms (cache revalidated)
534 silly packumentCache full:https://registry.npmjs.org/escape-string-regexp set size:22244 disposed:false
535 silly fetch manifest parse5@^7.3.0
536 silly packumentCache full:https://registry.npmjs.org/parse5 cache-miss
537 http fetch GET 200 https://registry.npmjs.org/domutils 119ms (cache revalidated)
538 silly packumentCache full:https://registry.npmjs.org/domutils set size:102774 disposed:false
539 silly fetch manifest parse5-htmlparser2-tree-adapter@^7.1.0
540 silly packumentCache full:https://registry.npmjs.org/parse5-htmlparser2-tree-adapter cache-miss
541 http fetch GET 200 https://registry.npmjs.org/encoding-sniffer 125ms (cache revalidated)
542 silly packumentCache full:https://registry.npmjs.org/encoding-sniffer set size:24585 disposed:false
543 silly fetch manifest parse5-parser-stream@^7.1.2
544 silly packumentCache full:https://registry.npmjs.org/parse5-parser-stream cache-miss
545 http fetch GET 200 https://registry.npmjs.org/cheerio-select 247ms (cache revalidated)
546 silly packumentCache full:https://registry.npmjs.org/cheerio-select set size:36917 disposed:false
547 silly fetch manifest undici@^7.12.0
548 silly packumentCache full:https://registry.npmjs.org/undici cache-miss
549 http fetch GET 200 https://registry.npmjs.org/domhandler 174ms (cache revalidated)
550 silly packumentCache full:https://registry.npmjs.org/domhandler set size:73302 disposed:false
551 silly fetch manifest whatwg-mimetype@^4.0.0
552 silly packumentCache full:https://registry.npmjs.org/whatwg-mimetype cache-miss
553 http fetch GET 200 https://registry.npmjs.org/htmlparser2 142ms (cache revalidated)
554 silly packumentCache full:https://registry.npmjs.org/htmlparser2 set size:162194 disposed:false
555 silly fetch manifest hasown@^2.0.2
556 silly packumentCache full:https://registry.npmjs.org/hasown cache-miss
557 http fetch GET 200 https://registry.npmjs.org/dom-serializer 258ms (cache revalidated)
558 silly packumentCache full:https://registry.npmjs.org/dom-serializer set size:52163 disposed:false
559 silly fetch manifest asynckit@^0.4.0
560 silly packumentCache full:https://registry.npmjs.org/asynckit cache-miss
561 http fetch GET 200 https://registry.npmjs.org/parse5 154ms (cache revalidated)
562 silly packumentCache full:https://registry.npmjs.org/parse5 set size:120809 disposed:false
563 silly fetch manifest mime-types@^2.1.12
564 silly packumentCache full:https://registry.npmjs.org/mime-types cache-miss
565 http fetch GET 200 https://registry.npmjs.org/@vscode%2fvsce-sign-alpine-arm64 492ms (cache revalidated)
566 silly packumentCache full:https://registry.npmjs.org/@vscode%2fvsce-sign-alpine-arm64 set size:11527 disposed:false
567 silly fetch manifest combined-stream@^1.0.8
568 silly packumentCache full:https://registry.npmjs.org/combined-stream cache-miss
569 http fetch GET 200 https://registry.npmjs.org/@vscode%2fvsce-sign-win32-arm64 736ms (cache revalidated)
570 silly packumentCache full:https://registry.npmjs.org/@vscode%2fvsce-sign-win32-arm64 set size:11456 disposed:false
571 silly fetch manifest es-set-tostringtag@^2.1.0
572 silly packumentCache full:https://registry.npmjs.org/es-set-tostringtag cache-miss
573 http fetch GET 200 https://registry.npmjs.org/whatwg-mimetype 122ms (cache revalidated)
574 silly packumentCache full:https://registry.npmjs.org/whatwg-mimetype set size:23788 disposed:false
575 silly fetch manifest minimatch@^3.1.1
576 silly packumentCache full:https://registry.npmjs.org/minimatch cache-hit
577 silly fetch manifest path-is-absolute@^1.0.0
578 silly packumentCache full:https://registry.npmjs.org/path-is-absolute cache-miss
579 http fetch GET 200 https://registry.npmjs.org/combined-stream 94ms (cache revalidated)
580 silly packumentCache full:https://registry.npmjs.org/combined-stream set size:40337 disposed:false
581 silly fetch manifest lru-cache@^6.0.0
582 silly packumentCache full:https://registry.npmjs.org/lru-cache cache-miss
583 http fetch GET 200 https://registry.npmjs.org/undici 144ms (cache revalidated)
584 silly packumentCache full:https://registry.npmjs.org/undici set size:1191816 disposed:false
585 silly fetch manifest node-addon-api@^4.3.0
586 silly packumentCache full:https://registry.npmjs.org/node-addon-api cache-miss
587 http fetch GET 200 https://registry.npmjs.org/parse5-htmlparser2-tree-adapter 173ms (cache revalidated)
588 silly packumentCache full:https://registry.npmjs.org/parse5-htmlparser2-tree-adapter set size:21913 disposed:false
589 silly fetch manifest prebuild-install@^7.0.1
590 silly packumentCache full:https://registry.npmjs.org/prebuild-install cache-miss
591 http fetch GET 200 https://registry.npmjs.org/path-is-absolute 111ms (cache revalidated)
592 silly packumentCache full:https://registry.npmjs.org/path-is-absolute set size:8253 disposed:false
593 silly fetch manifest argparse@^2.0.1
594 silly packumentCache full:https://registry.npmjs.org/argparse cache-miss
595 http fetch GET 200 https://registry.npmjs.org/node-addon-api 101ms (cache revalidated)
596 silly packumentCache full:https://registry.npmjs.org/node-addon-api set size:328136 disposed:false
597 silly fetch manifest entities@~2.1.0
598 silly packumentCache full:https://registry.npmjs.org/entities cache-miss
599 http fetch GET 200 https://registry.npmjs.org/lru-cache 128ms (cache revalidated)
600 silly packumentCache full:https://registry.npmjs.org/lru-cache set size:400387 disposed:false
601 silly fetch manifest linkify-it@^3.0.1
602 silly packumentCache full:https://registry.npmjs.org/linkify-it cache-miss
603 http fetch GET 200 https://registry.npmjs.org/prebuild-install 112ms (cache revalidated)
604 silly packumentCache full:https://registry.npmjs.org/prebuild-install set size:178807 disposed:false
605 silly fetch manifest mdurl@^1.0.1
606 silly packumentCache full:https://registry.npmjs.org/mdurl cache-miss
607 http fetch GET 200 https://registry.npmjs.org/@vscode%2fvsce-sign-alpine-x64 719ms (cache revalidated)
608 silly packumentCache full:https://registry.npmjs.org/@vscode%2fvsce-sign-alpine-x64 set size:11406 disposed:false
609 silly fetch manifest uc.micro@^1.0.5
610 silly packumentCache full:https://registry.npmjs.org/uc.micro cache-miss
611 http fetch GET 200 https://registry.npmjs.org/argparse 69ms (cache revalidated)
612 silly packumentCache full:https://registry.npmjs.org/argparse set size:49266 disposed:false
613 silly fetch manifest brace-expansion@^1.1.7
614 silly packumentCache full:https://registry.npmjs.org/brace-expansion cache-miss
615 http fetch GET 200 https://registry.npmjs.org/entities 68ms (cache revalidated)
616 silly packumentCache full:https://registry.npmjs.org/entities set size:94747 disposed:false
617 silly fetch manifest semver@^5.1.0
618 silly packumentCache full:https://registry.npmjs.org/semver cache-hit
619 silly fetch manifest mute-stream@~0.0.4
620 silly packumentCache full:https://registry.npmjs.org/mute-stream cache-miss
621 http fetch GET 200 https://registry.npmjs.org/linkify-it 86ms (cache revalidated)
622 silly packumentCache full:https://registry.npmjs.org/linkify-it set size:62527 disposed:false
623 silly fetch manifest qs@^6.9.1
624 silly packumentCache full:https://registry.npmjs.org/qs cache-miss
625 http fetch GET 200 https://registry.npmjs.org/mdurl 85ms (cache revalidated)
626 silly packumentCache full:https://registry.npmjs.org/mdurl set size:9361 disposed:false
627 silly fetch manifest underscore@^1.12.1
628 silly packumentCache full:https://registry.npmjs.org/underscore cache-miss
629 http fetch GET 200 https://registry.npmjs.org/es-set-tostringtag 346ms (cache revalidated)
630 silly packumentCache full:https://registry.npmjs.org/es-set-tostringtag set size:22094 disposed:false
631 silly fetch manifest sax@>=0.6.0
632 silly packumentCache full:https://registry.npmjs.org/sax cache-miss
633 http fetch GET 200 https://registry.npmjs.org/hasown 372ms (cache revalidated)
634 silly packumentCache full:https://registry.npmjs.org/hasown set size:12476 disposed:false
635 silly fetch manifest xmlbuilder@~11.0.0
636 silly packumentCache full:https://registry.npmjs.org/xmlbuilder cache-miss
637 http fetch GET 200 https://registry.npmjs.org/uc.micro 104ms (cache revalidated)
638 silly packumentCache full:https://registry.npmjs.org/uc.micro set size:16457 disposed:false
639 silly fetch manifest fd-slicer@~1.1.0
640 silly packumentCache full:https://registry.npmjs.org/fd-slicer cache-miss
641 http fetch GET 200 https://registry.npmjs.org/brace-expansion 87ms (cache revalidated)
642 silly packumentCache full:https://registry.npmjs.org/brace-expansion set size:46250 disposed:false
643 silly fetch manifest buffer-crc32@~0.2.3
644 silly packumentCache full:https://registry.npmjs.org/buffer-crc32 cache-miss
645 http fetch GET 200 https://registry.npmjs.org/mime-types 387ms (cache revalidated)
646 silly packumentCache full:https://registry.npmjs.org/mime-types set size:136716 disposed:false
647 silly fetch manifest buffer-crc32@~0.2.3
648 silly packumentCache full:https://registry.npmjs.org/buffer-crc32 cache-miss
649 http fetch GET 200 https://registry.npmjs.org/parse5-parser-stream 435ms (cache revalidated)
650 silly packumentCache full:https://registry.npmjs.org/parse5-parser-stream set size:21980 disposed:false
651 http fetch GET 200 https://registry.npmjs.org/mute-stream 93ms (cache revalidated)
652 silly packumentCache full:https://registry.npmjs.org/mute-stream set size:19371 disposed:false
653 http fetch GET 200 https://registry.npmjs.org/qs 82ms (cache revalidated)
654 silly packumentCache full:https://registry.npmjs.org/qs set size:264677 disposed:false
655 http fetch GET 200 https://registry.npmjs.org/underscore 91ms (cache revalidated)
656 silly packumentCache full:https://registry.npmjs.org/underscore set size:155400 disposed:false
657 http fetch GET 200 https://registry.npmjs.org/sax 103ms (cache revalidated)
658 silly packumentCache full:https://registry.npmjs.org/sax set size:82736 disposed:false
659 http fetch GET 200 https://registry.npmjs.org/fd-slicer 97ms (cache revalidated)
660 silly packumentCache full:https://registry.npmjs.org/fd-slicer set size:25525 disposed:false
661 http fetch GET 200 https://registry.npmjs.org/buffer-crc32 113ms (cache revalidated)
662 silly packumentCache full:https://registry.npmjs.org/buffer-crc32 set size:58100 disposed:false
663 http fetch GET 200 https://registry.npmjs.org/buffer-crc32 102ms (cache revalidated)
664 silly packumentCache full:https://registry.npmjs.org/buffer-crc32 set size:58100 disposed:false
665 silly packumentCache full:https://registry.npmjs.org/buffer-crc32 dispose
666 http fetch GET 200 https://registry.npmjs.org/asynckit 648ms (cache revalidated)
667 silly packumentCache full:https://registry.npmjs.org/asynckit set size:17357 disposed:false
668 http fetch GET 200 https://registry.npmjs.org/xmlbuilder 350ms (cache revalidated)
669 silly packumentCache full:https://registry.npmjs.org/xmlbuilder set size:158707 disposed:false
670 http fetch GET 200 https://registry.npmjs.org/@azure%2fmsal-node 2260ms (cache revalidated)
671 silly packumentCache full:https://registry.npmjs.org/@azure%2fmsal-node set size:490397 disposed:false
672 silly placeDep node_modules/vscode-solidity-server @azure/abort-controller@2.1.2 OK for: @azure/identity@4.12.0 want: ^2.0.0
673 silly placeDep node_modules/vscode-solidity-server @azure/core-auth@1.10.1 OK for: @azure/identity@4.12.0 want: ^1.9.0
674 silly placeDep node_modules/vscode-solidity-server @azure/core-client@1.10.1 OK for: @azure/identity@4.12.0 want: ^1.9.2
675 silly placeDep node_modules/vscode-solidity-server @azure/core-rest-pipeline@1.22.1 OK for: @azure/identity@4.12.0 want: ^1.17.0
676 silly placeDep node_modules/vscode-solidity-server @azure/core-tracing@1.3.1 OK for: @azure/identity@4.12.0 want: ^1.0.0
677 silly placeDep node_modules/vscode-solidity-server @azure/core-util@1.13.1 OK for: @azure/identity@4.12.0 want: ^1.11.0
678 silly placeDep node_modules/vscode-solidity-server @azure/logger@1.3.0 OK for: @azure/identity@4.12.0 want: ^1.0.0
679 silly placeDep node_modules/vscode-solidity-server @azure/msal-browser@4.24.0 OK for: @azure/identity@4.12.0 want: ^4.2.0
680 silly placeDep node_modules/vscode-solidity-server @azure/msal-node@3.8.0 OK for: @azure/identity@4.12.0 want: ^3.5.0
681 silly placeDep node_modules/vscode-solidity-server open@10.2.0 OK for: @azure/identity@4.12.0 want: ^10.1.0
682 silly placeDep node_modules/vscode-solidity-server tslib@2.8.1 OK for: @azure/identity@4.12.0 want: ^2.2.0
683 silly fetch manifest tslib@^2.6.2
684 silly packumentCache full:https://registry.npmjs.org/tslib cache-hit
685 silly fetch manifest tslib@^2.6.2
686 silly packumentCache full:https://registry.npmjs.org/tslib cache-hit
687 silly fetch manifest @azure/core-util@^1.13.0
688 silly packumentCache full:https://registry.npmjs.org/@azure%2fcore-util cache-miss
689 silly fetch manifest tslib@^2.6.2
690 silly packumentCache full:https://registry.npmjs.org/tslib cache-hit
691 silly fetch manifest @azure/logger@^1.3.0
692 silly packumentCache full:https://registry.npmjs.org/@azure%2flogger cache-miss
693 silly fetch manifest @azure/core-util@^1.13.0
694 silly packumentCache full:https://registry.npmjs.org/@azure%2fcore-util cache-miss
695 silly fetch manifest @azure/core-tracing@^1.3.0
696 silly packumentCache full:https://registry.npmjs.org/@azure%2fcore-tracing cache-miss
697 silly fetch manifest @azure/core-rest-pipeline@^1.22.0
698 silly packumentCache full:https://registry.npmjs.org/@azure%2fcore-rest-pipeline cache-miss
699 silly fetch manifest tslib@^2.6.2
700 silly packumentCache full:https://registry.npmjs.org/tslib cache-hit
701 silly fetch manifest @azure/logger@^1.3.0
702 silly packumentCache full:https://registry.npmjs.org/@azure%2flogger cache-miss
703 silly fetch manifest @azure/core-util@^1.13.0
704 silly packumentCache full:https://registry.npmjs.org/@azure%2fcore-util cache-miss
705 silly fetch manifest @azure/core-tracing@^1.3.0
706 silly packumentCache full:https://registry.npmjs.org/@azure%2fcore-tracing cache-miss
707 silly fetch manifest @typespec/ts-http-runtime@^0.3.0
708 silly packumentCache full:https://registry.npmjs.org/@typespec%2fts-http-runtime cache-miss
709 silly fetch manifest @typespec/ts-http-runtime@^0.3.0
710 silly packumentCache full:https://registry.npmjs.org/@typespec%2fts-http-runtime cache-miss
711 silly fetch manifest @typespec/ts-http-runtime@^0.3.0
712 silly packumentCache full:https://registry.npmjs.org/@typespec%2fts-http-runtime cache-miss
713 http cache https://registry.npmjs.org/@azure%2fcore-util 19ms (cache hit)
714 silly packumentCache full:https://registry.npmjs.org/@azure%2fcore-util set size:1882190 disposed:false
715 silly fetch manifest @azure/msal-common@15.13.0
716 silly packumentCache full:https://registry.npmjs.org/@azure%2fmsal-common cache-miss
717 http cache https://registry.npmjs.org/@azure%2fcore-util 35ms (cache hit)
718 silly packumentCache full:https://registry.npmjs.org/@azure%2fcore-util set size:1882190 disposed:false
719 silly fetch manifest @azure/msal-common@15.13.0
720 silly packumentCache full:https://registry.npmjs.org/@azure%2fmsal-common cache-miss
721 http cache https://registry.npmjs.org/@azure%2flogger 50ms (cache hit)
722 silly packumentCache full:https://registry.npmjs.org/@azure%2flogger set size:2194099 disposed:false
723 silly fetch manifest jsonwebtoken@^9.0.0
724 silly packumentCache full:https://registry.npmjs.org/jsonwebtoken cache-miss
725 http cache https://registry.npmjs.org/@azure%2flogger 67ms (cache hit)
726 silly packumentCache full:https://registry.npmjs.org/@azure%2flogger set size:2194099 disposed:false
727 silly fetch manifest uuid@^8.3.0
728 silly packumentCache full:https://registry.npmjs.org/uuid cache-miss
729 http cache https://registry.npmjs.org/@azure%2fcore-tracing 83ms (cache hit)
730 silly packumentCache full:https://registry.npmjs.org/@azure%2fcore-tracing set size:2255811 disposed:false
731 silly fetch manifest default-browser@^5.2.1
732 silly packumentCache full:https://registry.npmjs.org/default-browser cache-miss
733 http cache https://registry.npmjs.org/@azure%2fcore-rest-pipeline 106ms (cache hit)
734 silly packumentCache full:https://registry.npmjs.org/@azure%2fcore-rest-pipeline set size:2810892 disposed:false
735 silly fetch manifest define-lazy-prop@^3.0.0
736 silly packumentCache full:https://registry.npmjs.org/define-lazy-prop cache-miss
737 http cache https://registry.npmjs.org/@azure%2fcore-tracing 125ms (cache hit)
738 silly packumentCache full:https://registry.npmjs.org/@azure%2fcore-tracing set size:2255811 disposed:false
739 silly fetch manifest is-inside-container@^1.0.0
740 silly packumentCache full:https://registry.npmjs.org/is-inside-container cache-miss
741 http cache https://registry.npmjs.org/@azure%2fcore-util 140ms (cache hit)
742 silly packumentCache full:https://registry.npmjs.org/@azure%2fcore-util set size:1882190 disposed:false
743 silly fetch manifest wsl-utils@^0.1.0
744 silly packumentCache full:https://registry.npmjs.org/wsl-utils cache-miss
745 http fetch GET 200 https://registry.npmjs.org/@typespec%2fts-http-runtime 161ms (cache revalidated)
746 silly packumentCache full:https://registry.npmjs.org/@typespec%2fts-http-runtime set size:1707912 disposed:false
747 http fetch GET 200 https://registry.npmjs.org/@typespec%2fts-http-runtime 174ms (cache revalidated)
748 silly packumentCache full:https://registry.npmjs.org/@typespec%2fts-http-runtime set size:1707912 disposed:false
749 http fetch GET 200 https://registry.npmjs.org/@typespec%2fts-http-runtime 191ms (cache revalidated)
750 silly packumentCache full:https://registry.npmjs.org/@typespec%2fts-http-runtime set size:1707912 disposed:false
751 http cache https://registry.npmjs.org/uuid 127ms (cache hit)
752 silly packumentCache full:https://registry.npmjs.org/uuid set size:224608 disposed:false
753 http fetch GET 200 https://registry.npmjs.org/default-browser 127ms (cache revalidated)
754 silly packumentCache full:https://registry.npmjs.org/default-browser set size:25741 disposed:false
755 http fetch GET 200 https://registry.npmjs.org/define-lazy-prop 109ms (cache revalidated)
756 silly packumentCache full:https://registry.npmjs.org/define-lazy-prop set size:9337 disposed:false
757 http fetch GET 200 https://registry.npmjs.org/@azure%2fmsal-common 208ms (cache revalidated)
758 silly packumentCache full:https://registry.npmjs.org/@azure%2fmsal-common set size:545876 disposed:false
759 http fetch GET 200 https://registry.npmjs.org/wsl-utils 349ms (cache revalidated)
760 silly packumentCache full:https://registry.npmjs.org/wsl-utils set size:3687 disposed:false
761 http fetch GET 200 https://registry.npmjs.org/@azure%2fmsal-common 470ms (cache revalidated)
762 silly packumentCache full:https://registry.npmjs.org/@azure%2fmsal-common set size:545876 disposed:false
763 silly packumentCache full:https://registry.npmjs.org/@azure%2fmsal-common dispose
764 http fetch GET 200 https://registry.npmjs.org/jsonwebtoken 701ms (cache revalidated)
765 silly packumentCache full:https://registry.npmjs.org/jsonwebtoken set size:181305 disposed:false
766 http fetch GET 200 https://registry.npmjs.org/is-inside-container 638ms (cache revalidated)
767 silly packumentCache full:https://registry.npmjs.org/is-inside-container set size:4403 disposed:false
768 silly placeDep node_modules/vscode-solidity-server @typespec/ts-http-runtime@0.3.1 OK for: @azure/core-rest-pipeline@1.22.1 want: ^0.3.0
769 silly fetch manifest http-proxy-agent@^7.0.0
770 silly packumentCache full:https://registry.npmjs.org/http-proxy-agent cache-miss
771 silly fetch manifest https-proxy-agent@^7.0.0
772 silly packumentCache full:https://registry.npmjs.org/https-proxy-agent cache-miss
773 http fetch GET 200 https://registry.npmjs.org/http-proxy-agent 85ms (cache revalidated)
774 silly packumentCache full:https://registry.npmjs.org/http-proxy-agent set size:50096 disposed:false
775 http fetch GET 200 https://registry.npmjs.org/https-proxy-agent 606ms (cache revalidated)
776 silly packumentCache full:https://registry.npmjs.org/https-proxy-agent set size:76222 disposed:false
777 silly placeDep node_modules/vscode-solidity-server @azure/msal-common@15.13.0 OK for: @azure/msal-browser@4.24.0 want: 15.13.0
778 silly placeDep node_modules/vscode-solidity-server jsonwebtoken@9.0.2 OK for: @azure/msal-node@3.8.0 want: ^9.0.0
779 silly placeDep node_modules/vscode-solidity-server uuid@8.3.2 OK for: @azure/msal-node@3.8.0 want: ^8.3.0
780 silly fetch manifest ms@^2.1.1
781 silly packumentCache full:https://registry.npmjs.org/ms cache-miss
782 silly fetch manifest jws@^3.2.2
783 silly packumentCache full:https://registry.npmjs.org/jws cache-miss
784 silly fetch manifest lodash.once@^4.0.0
785 silly packumentCache full:https://registry.npmjs.org/lodash.once cache-miss
786 silly fetch manifest lodash.includes@^4.3.0
787 silly packumentCache full:https://registry.npmjs.org/lodash.includes cache-miss
788 silly fetch manifest lodash.isnumber@^3.0.3
789 silly packumentCache full:https://registry.npmjs.org/lodash.isnumber cache-miss
790 silly fetch manifest lodash.isstring@^4.0.1
791 silly packumentCache full:https://registry.npmjs.org/lodash.isstring cache-miss
792 silly fetch manifest lodash.isboolean@^3.0.3
793 silly packumentCache full:https://registry.npmjs.org/lodash.isboolean cache-miss
794 silly fetch manifest lodash.isinteger@^4.0.4
795 silly packumentCache full:https://registry.npmjs.org/lodash.isinteger cache-miss
796 silly fetch manifest lodash.isplainobject@^4.0.6
797 silly packumentCache full:https://registry.npmjs.org/lodash.isplainobject cache-miss
798 http fetch GET 200 https://registry.npmjs.org/lodash.once 82ms (cache revalidated)
799 silly packumentCache full:https://registry.npmjs.org/lodash.once set size:23407 disposed:false
800 http fetch GET 200 https://registry.npmjs.org/lodash.isplainobject 79ms (cache revalidated)
801 silly packumentCache full:https://registry.npmjs.org/lodash.isplainobject set size:38531 disposed:false
802 http fetch GET 200 https://registry.npmjs.org/lodash.isstring 83ms (cache revalidated)
803 silly packumentCache full:https://registry.npmjs.org/lodash.isstring set size:21368 disposed:false
804 http fetch GET 200 https://registry.npmjs.org/lodash.isnumber 86ms (cache revalidated)
805 silly packumentCache full:https://registry.npmjs.org/lodash.isnumber set size:21368 disposed:false
806 http fetch GET 200 https://registry.npmjs.org/ms 349ms (cache revalidated)
807 silly packumentCache full:https://registry.npmjs.org/ms set size:92208 disposed:false
808 http fetch GET 200 https://registry.npmjs.org/lodash.isboolean 366ms (cache revalidated)
809 silly packumentCache full:https://registry.npmjs.org/lodash.isboolean set size:21437 disposed:false
810 http fetch GET 200 https://registry.npmjs.org/jws 1177ms (cache revalidated)
811 silly packumentCache full:https://registry.npmjs.org/jws set size:45532 disposed:false
812 http fetch GET 200 https://registry.npmjs.org/lodash.includes 1187ms (cache revalidated)
813 silly packumentCache full:https://registry.npmjs.org/lodash.includes set size:27594 disposed:false
814 http fetch GET 200 https://registry.npmjs.org/lodash.isinteger 1880ms (cache revalidated)
815 silly packumentCache full:https://registry.npmjs.org/lodash.isinteger set size:10827 disposed:false
816 silly placeDep node_modules/vscode-solidity-server http-proxy-agent@7.0.2 OK for: @typespec/ts-http-runtime@0.3.1 want: ^7.0.0
817 silly placeDep node_modules/vscode-solidity-server https-proxy-agent@7.0.6 OK for: @typespec/ts-http-runtime@0.3.1 want: ^7.0.0
818 silly fetch manifest agent-base@^7.1.0
819 silly packumentCache full:https://registry.npmjs.org/agent-base cache-miss
820 silly fetch manifest debug@^4.3.4
821 silly packumentCache full:https://registry.npmjs.org/debug cache-miss
822 silly fetch manifest agent-base@^7.1.2
823 silly packumentCache full:https://registry.npmjs.org/agent-base cache-miss
824 silly fetch manifest debug@4
825 silly packumentCache full:https://registry.npmjs.org/debug cache-miss
826 http cache https://registry.npmjs.org/debug 12ms (cache hit)
827 silly packumentCache full:https://registry.npmjs.org/debug set size:195840 disposed:false
828 http cache https://registry.npmjs.org/debug 22ms (cache hit)
829 silly packumentCache full:https://registry.npmjs.org/debug set size:195840 disposed:false
830 silly packumentCache full:https://registry.npmjs.org/debug dispose
831 http fetch GET 200 https://registry.npmjs.org/agent-base 74ms (cache revalidated)
832 silly packumentCache full:https://registry.npmjs.org/agent-base set size:67460 disposed:false
833 http fetch GET 200 https://registry.npmjs.org/agent-base 84ms (cache revalidated)
834 silly packumentCache full:https://registry.npmjs.org/agent-base set size:67460 disposed:false
835 silly packumentCache full:https://registry.npmjs.org/agent-base dispose
836 silly placeDep node_modules/vscode-solidity-server @vscode/vsce-sign-alpine-arm64@2.0.6 OK for: @vscode/vsce-sign@2.0.7 want: 2.0.6
837 silly placeDep node_modules/vscode-solidity-server @vscode/vsce-sign-alpine-x64@2.0.6 OK for: @vscode/vsce-sign@2.0.7 want: 2.0.6
838 silly placeDep node_modules/vscode-solidity-server @vscode/vsce-sign-darwin-arm64@2.0.6 OK for: @vscode/vsce-sign@2.0.7 want: 2.0.6
839 silly placeDep node_modules/vscode-solidity-server @vscode/vsce-sign-darwin-x64@2.0.6 OK for: @vscode/vsce-sign@2.0.7 want: 2.0.6
840 silly placeDep node_modules/vscode-solidity-server @vscode/vsce-sign-linux-arm@2.0.6 OK for: @vscode/vsce-sign@2.0.7 want: 2.0.6
841 silly placeDep node_modules/vscode-solidity-server @vscode/vsce-sign-linux-arm64@2.0.6 OK for: @vscode/vsce-sign@2.0.7 want: 2.0.6
842 silly placeDep node_modules/vscode-solidity-server @vscode/vsce-sign-linux-x64@2.0.6 OK for: @vscode/vsce-sign@2.0.7 want: 2.0.6
843 silly placeDep node_modules/vscode-solidity-server @vscode/vsce-sign-win32-arm64@2.0.6 OK for: @vscode/vsce-sign@2.0.7 want: 2.0.6
844 silly placeDep node_modules/vscode-solidity-server @vscode/vsce-sign-win32-x64@2.0.6 OK for: @vscode/vsce-sign@2.0.7 want: 2.0.6
845 silly placeDep node_modules/vscode-solidity-server follow-redirects@1.15.11 OK for: axios@1.12.2 want: ^1.15.6
846 silly placeDep node_modules/vscode-solidity-server proxy-from-env@1.1.0 OK for: axios@1.12.2 want: ^1.1.0
847 silly placeDep node_modules/vscode-solidity-server tunnel@0.0.6 OK for: azure-devops-node-api@12.5.0 want: 0.0.6
848 silly placeDep node_modules/vscode-solidity-server ansi-styles@3.2.1 OK for: chalk@2.4.2 want: ^3.2.1
849 silly placeDep node_modules/vscode-solidity-server escape-string-regexp@1.0.5 OK for: chalk@2.4.2 want: ^1.0.5
850 silly placeDep node_modules/vscode-solidity-server supports-color@5.5.0 OK for: chalk@2.4.2 want: ^5.3.0
851 silly fetch manifest color-convert@^1.9.0
852 silly packumentCache full:https://registry.npmjs.org/color-convert cache-miss
853 silly fetch manifest has-flag@^3.0.0
854 silly packumentCache full:https://registry.npmjs.org/has-flag cache-miss
855 http fetch GET 200 https://registry.npmjs.org/color-convert 74ms (cache revalidated)
856 silly packumentCache full:https://registry.npmjs.org/color-convert set size:70744 disposed:false
857 http fetch GET 200 https://registry.npmjs.org/has-flag 93ms (cache revalidated)
858 silly packumentCache full:https://registry.npmjs.org/has-flag set size:15180 disposed:false
859 silly placeDep node_modules/vscode-solidity-server color-convert@1.9.3 OK for: ansi-styles@3.2.1 want: ^1.9.0
860 silly fetch manifest color-name@1.1.3
861 silly packumentCache full:https://registry.npmjs.org/color-name cache-miss
862 http fetch GET 200 https://registry.npmjs.org/color-name 94ms (cache revalidated)
863 silly packumentCache full:https://registry.npmjs.org/color-name set size:17921 disposed:false
864 silly placeDep node_modules/vscode-solidity-server cheerio-select@2.1.0 OK for: cheerio@1.1.2 want: ^2.1.0
865 silly placeDep node_modules/vscode-solidity-server dom-serializer@2.0.0 OK for: cheerio@1.1.2 want: ^2.0.0
866 silly placeDep node_modules/vscode-solidity-server domhandler@5.0.3 OK for: cheerio@1.1.2 want: ^5.0.3
867 silly placeDep node_modules/vscode-solidity-server domutils@3.2.2 OK for: cheerio@1.1.2 want: ^3.2.2
868 silly placeDep node_modules/vscode-solidity-server encoding-sniffer@0.2.1 OK for: cheerio@1.1.2 want: ^0.2.1
869 silly placeDep node_modules/vscode-solidity-server htmlparser2@10.0.0 OK for: cheerio@1.1.2 want: ^10.0.0
870 silly placeDep node_modules/vscode-solidity-server parse5@7.3.0 OK for: cheerio@1.1.2 want: ^7.3.0
871 silly placeDep node_modules/vscode-solidity-server parse5-htmlparser2-tree-adapter@7.1.0 OK for: cheerio@1.1.2 want: ^7.1.0
872 silly placeDep node_modules/vscode-solidity-server parse5-parser-stream@7.1.2 OK for: cheerio@1.1.2 want: ^7.1.2
873 silly placeDep node_modules/vscode-solidity-server undici@7.16.0 OK for: cheerio@1.1.2 want: ^7.12.0
874 silly placeDep node_modules/vscode-solidity-server whatwg-mimetype@4.0.0 OK for: cheerio@1.1.2 want: ^4.0.0
875 silly fetch manifest boolbase@^1.0.0
876 silly packumentCache full:https://registry.npmjs.org/boolbase cache-miss
877 silly fetch manifest css-select@^5.1.0
878 silly packumentCache full:https://registry.npmjs.org/css-select cache-miss
879 silly fetch manifest css-what@^6.1.0
880 silly packumentCache full:https://registry.npmjs.org/css-what cache-miss
881 silly fetch manifest domelementtype@^2.3.0
882 silly packumentCache full:https://registry.npmjs.org/domelementtype cache-miss
883 silly fetch manifest domutils@^3.0.1
884 silly packumentCache full:https://registry.npmjs.org/domutils cache-hit
885 silly fetch manifest domelementtype@^2.3.0
886 silly packumentCache full:https://registry.npmjs.org/domelementtype cache-miss
887 silly fetch manifest domhandler@^5.0.2
888 silly packumentCache full:https://registry.npmjs.org/domhandler cache-hit
889 silly fetch manifest entities@^4.2.0
890 silly packumentCache full:https://registry.npmjs.org/entities cache-hit
891 silly fetch manifest domelementtype@^2.3.0
892 silly packumentCache full:https://registry.npmjs.org/domelementtype cache-miss
893 silly fetch manifest domelementtype@^2.3.0
894 silly packumentCache full:https://registry.npmjs.org/domelementtype cache-miss
895 silly fetch manifest iconv-lite@^0.6.3
896 silly packumentCache full:https://registry.npmjs.org/iconv-lite cache-miss
897 silly fetch manifest whatwg-encoding@^3.1.1
898 silly packumentCache full:https://registry.npmjs.org/whatwg-encoding cache-miss
899 silly fetch manifest domelementtype@^2.3.0
900 silly packumentCache full:https://registry.npmjs.org/domelementtype cache-miss
901 silly fetch manifest entities@^6.0.0
902 silly packumentCache full:https://registry.npmjs.org/entities cache-hit
903 http fetch GET 200 https://registry.npmjs.org/domelementtype 100ms (cache revalidated)
904 silly packumentCache full:https://registry.npmjs.org/domelementtype set size:30947 disposed:false
905 http fetch GET 200 https://registry.npmjs.org/domelementtype 110ms (cache revalidated)
906 silly packumentCache full:https://registry.npmjs.org/domelementtype set size:30947 disposed:false
907 silly packumentCache full:https://registry.npmjs.org/domelementtype dispose
908 http fetch GET 200 https://registry.npmjs.org/whatwg-encoding 104ms (cache revalidated)
909 silly packumentCache full:https://registry.npmjs.org/whatwg-encoding set size:24764 disposed:false
910 http fetch GET 200 https://registry.npmjs.org/domelementtype 364ms (cache revalidated)
911 silly packumentCache full:https://registry.npmjs.org/domelementtype set size:30947 disposed:true
912 silly packumentCache full:https://registry.npmjs.org/domelementtype dispose
913 http fetch GET 200 https://registry.npmjs.org/iconv-lite 368ms (cache revalidated)
914 silly packumentCache full:https://registry.npmjs.org/iconv-lite set size:118890 disposed:false
915 http fetch GET 200 https://registry.npmjs.org/css-what 632ms (cache revalidated)
916 silly packumentCache full:https://registry.npmjs.org/css-what set size:79771 disposed:false
917 http fetch GET 200 https://registry.npmjs.org/domelementtype 1171ms (cache revalidated)
918 silly packumentCache full:https://registry.npmjs.org/domelementtype set size:30947 disposed:true
919 silly packumentCache full:https://registry.npmjs.org/domelementtype dispose
920 http fetch GET 200 https://registry.npmjs.org/boolbase 1186ms (cache revalidated)
921 silly packumentCache full:https://registry.npmjs.org/boolbase set size:2158 disposed:false
922 http fetch GET 200 https://registry.npmjs.org/css-select 1190ms (cache revalidated)
923 silly packumentCache full:https://registry.npmjs.org/css-select set size:108855 disposed:false
924 http fetch GET 200 https://registry.npmjs.org/domelementtype 2156ms (cache revalidated)
925 silly packumentCache full:https://registry.npmjs.org/domelementtype set size:30947 disposed:true
926 silly packumentCache full:https://registry.npmjs.org/domelementtype dispose
927 silly placeDep node_modules/vscode-solidity-server boolbase@1.0.0 OK for: cheerio-select@2.1.0 want: ^1.0.0
928 silly placeDep node_modules/vscode-solidity-server css-select@5.2.2 OK for: cheerio-select@2.1.0 want: ^5.1.0
929 silly placeDep node_modules/vscode-solidity-server css-what@6.2.2 OK for: cheerio-select@2.1.0 want: ^6.1.0
930 silly placeDep node_modules/vscode-solidity-server domelementtype@2.3.0 OK for: cheerio-select@2.1.0 want: ^2.3.0
931 silly fetch manifest nth-check@^2.0.1
932 silly packumentCache full:https://registry.npmjs.org/nth-check cache-miss
933 http fetch GET 200 https://registry.npmjs.org/nth-check 93ms (cache revalidated)
934 silly packumentCache full:https://registry.npmjs.org/nth-check set size:22975 disposed:false
935 silly placeDep node_modules/vscode-solidity-server color-name@1.1.3 OK for: color-convert@1.9.3 want: 1.1.3
936 silly placeDep node_modules/vscode-solidity-server nth-check@2.1.1 OK for: css-select@5.2.2 want: ^2.0.1
937 silly placeDep node_modules/vscode-solidity-server entities@4.5.0 OK for: dom-serializer@2.0.0 want: ^4.2.0
938 silly placeDep node_modules/vscode-solidity-server iconv-lite@0.6.3 OK for: encoding-sniffer@0.2.1 want: ^0.6.3
939 silly placeDep node_modules/vscode-solidity-server whatwg-encoding@3.1.1 OK for: encoding-sniffer@0.2.1 want: ^3.1.1
940 silly fetch manifest safer-buffer@>= 2.1.2 < 3.0.0
941 silly packumentCache full:https://registry.npmjs.org/safer-buffer cache-miss
942 http fetch GET 200 https://registry.npmjs.org/safer-buffer 76ms (cache revalidated)
943 silly packumentCache full:https://registry.npmjs.org/safer-buffer set size:18521 disposed:false
944 silly placeDep node_modules/vscode-solidity-server asynckit@0.4.0 OK for: form-data@4.0.4 want: ^0.4.0
945 silly placeDep node_modules/vscode-solidity-server combined-stream@1.0.8 OK for: form-data@4.0.4 want: ^1.0.8
946 silly placeDep node_modules/vscode-solidity-server es-set-tostringtag@2.1.0 OK for: form-data@4.0.4 want: ^2.1.0
947 silly placeDep node_modules/vscode-solidity-server hasown@2.0.2 OK for: form-data@4.0.4 want: ^2.0.2
948 silly placeDep node_modules/vscode-solidity-server mime-types@2.1.35 OK for: form-data@4.0.4 want: ^2.1.12
949 silly fetch manifest delayed-stream@~1.0.0
950 silly packumentCache full:https://registry.npmjs.org/delayed-stream cache-miss
951 silly fetch manifest es-errors@^1.3.0
952 silly packumentCache full:https://registry.npmjs.org/es-errors cache-miss
953 silly fetch manifest get-intrinsic@^1.2.6
954 silly packumentCache full:https://registry.npmjs.org/get-intrinsic cache-miss
955 silly fetch manifest has-tostringtag@^1.0.2
956 silly packumentCache full:https://registry.npmjs.org/has-tostringtag cache-miss
957 silly fetch manifest function-bind@^1.1.2
958 silly packumentCache full:https://registry.npmjs.org/function-bind cache-miss
959 silly fetch manifest mime-db@1.52.0
960 silly packumentCache full:https://registry.npmjs.org/mime-db cache-miss
961 http fetch GET 200 https://registry.npmjs.org/es-errors 107ms (cache revalidated)
962 silly packumentCache full:https://registry.npmjs.org/es-errors set size:16918 disposed:false
963 http fetch GET 200 https://registry.npmjs.org/mime-db 109ms (cache revalidated)
964 silly packumentCache full:https://registry.npmjs.org/mime-db set size:164953 disposed:false
965 http fetch GET 200 https://registry.npmjs.org/has-tostringtag 123ms (cache revalidated)
966 silly packumentCache full:https://registry.npmjs.org/has-tostringtag set size:13945 disposed:false
967 http fetch GET 200 https://registry.npmjs.org/delayed-stream 625ms (cache revalidated)
968 silly packumentCache full:https://registry.npmjs.org/delayed-stream set size:15820 disposed:false
969 http fetch GET 200 https://registry.npmjs.org/function-bind 629ms (cache revalidated)
970 silly packumentCache full:https://registry.npmjs.org/function-bind set size:15733 disposed:false
971 http fetch GET 200 https://registry.npmjs.org/get-intrinsic 637ms (cache revalidated)
972 silly packumentCache full:https://registry.npmjs.org/get-intrinsic set size:57687 disposed:false
973 silly placeDep node_modules/vscode-solidity-server delayed-stream@1.0.0 OK for: combined-stream@1.0.8 want: ~1.0.0
974 silly placeDep node_modules/vscode-solidity-server es-errors@1.3.0 OK for: es-set-tostringtag@2.1.0 want: ^1.3.0
975 silly placeDep node_modules/vscode-solidity-server get-intrinsic@1.3.0 OK for: es-set-tostringtag@2.1.0 want: ^1.2.6
976 silly placeDep node_modules/vscode-solidity-server has-tostringtag@1.0.2 OK for: es-set-tostringtag@2.1.0 want: ^1.0.2
977 silly fetch manifest call-bind-apply-helpers@^1.0.2
978 silly packumentCache full:https://registry.npmjs.org/call-bind-apply-helpers cache-miss
979 silly fetch manifest es-define-property@^1.0.1
980 silly packumentCache full:https://registry.npmjs.org/es-define-property cache-miss
981 silly fetch manifest es-object-atoms@^1.1.1
982 silly packumentCache full:https://registry.npmjs.org/es-object-atoms cache-miss
983 silly fetch manifest get-proto@^1.0.1
984 silly packumentCache full:https://registry.npmjs.org/get-proto cache-miss
985 silly fetch manifest gopd@^1.2.0
986 silly packumentCache full:https://registry.npmjs.org/gopd cache-miss
987 silly fetch manifest has-symbols@^1.1.0
988 silly packumentCache full:https://registry.npmjs.org/has-symbols cache-miss
989 silly fetch manifest math-intrinsics@^1.1.0
990 silly packumentCache full:https://registry.npmjs.org/math-intrinsics cache-miss
991 silly fetch manifest has-symbols@^1.0.3
992 silly packumentCache full:https://registry.npmjs.org/has-symbols cache-miss
993 http fetch GET 200 https://registry.npmjs.org/math-intrinsics 110ms (cache revalidated)
994 silly packumentCache full:https://registry.npmjs.org/math-intrinsics set size:9265 disposed:false
995 http fetch GET 200 https://registry.npmjs.org/get-proto 117ms (cache revalidated)
996 silly packumentCache full:https://registry.npmjs.org/get-proto set size:8300 disposed:false
997 http fetch GET 200 https://registry.npmjs.org/es-object-atoms 118ms (cache revalidated)
998 silly packumentCache full:https://registry.npmjs.org/es-object-atoms set size:15304 disposed:false
999 http fetch GET 200 https://registry.npmjs.org/gopd 123ms (cache revalidated)
1000 silly packumentCache full:https://registry.npmjs.org/gopd set size:11458 disposed:false
1001 http fetch GET 200 https://registry.npmjs.org/has-symbols 121ms (cache revalidated)
1002 silly packumentCache full:https://registry.npmjs.org/has-symbols set size:21550 disposed:false
1003 http fetch GET 200 https://registry.npmjs.org/has-symbols 379ms (cache revalidated)
1004 silly packumentCache full:https://registry.npmjs.org/has-symbols set size:21550 disposed:false
1005 silly packumentCache full:https://registry.npmjs.org/has-symbols dispose
1006 http fetch GET 200 https://registry.npmjs.org/call-bind-apply-helpers 638ms (cache revalidated)
1007 silly packumentCache full:https://registry.npmjs.org/call-bind-apply-helpers set size:12744 disposed:false
1008 http fetch GET 200 https://registry.npmjs.org/es-define-property 643ms (cache revalidated)
1009 silly packumentCache full:https://registry.npmjs.org/es-define-property set size:8542 disposed:false
1010 silly placeDep node_modules/vscode-solidity-server graceful-fs@4.2.11 OK for: fs-extra@4.0.3 want: ^4.1.2
1011 silly placeDep node_modules/vscode-solidity-server jsonfile@4.0.0 OK for: fs-extra@4.0.3 want: ^4.0.0
1012 silly placeDep node_modules/vscode-solidity-server universalify@0.1.2 OK for: fs-extra@4.0.3 want: ^0.1.0
1013 silly placeDep node_modules/vscode-solidity-server call-bind-apply-helpers@1.0.2 OK for: get-intrinsic@1.3.0 want: ^1.0.2
1014 silly placeDep node_modules/vscode-solidity-server es-define-property@1.0.1 OK for: get-intrinsic@1.3.0 want: ^1.0.1
1015 silly placeDep node_modules/vscode-solidity-server es-object-atoms@1.1.1 OK for: get-intrinsic@1.3.0 want: ^1.1.1
1016 silly placeDep node_modules/vscode-solidity-server function-bind@1.1.2 OK for: get-intrinsic@1.3.0 want: ^1.1.2
1017 silly placeDep node_modules/vscode-solidity-server get-proto@1.0.1 OK for: get-intrinsic@1.3.0 want: ^1.0.1
1018 silly placeDep node_modules/vscode-solidity-server gopd@1.2.0 OK for: get-intrinsic@1.3.0 want: ^1.2.0
1019 silly placeDep node_modules/vscode-solidity-server has-symbols@1.1.0 OK for: get-intrinsic@1.3.0 want: ^1.1.0
1020 silly placeDep node_modules/vscode-solidity-server math-intrinsics@1.1.0 OK for: get-intrinsic@1.3.0 want: ^1.1.0
1021 silly fetch manifest dunder-proto@^1.0.1
1022 silly packumentCache full:https://registry.npmjs.org/dunder-proto cache-miss
1023 http fetch GET 200 https://registry.npmjs.org/dunder-proto 95ms (cache revalidated)
1024 silly packumentCache full:https://registry.npmjs.org/dunder-proto set size:8256 disposed:false
1025 silly placeDep node_modules/vscode-solidity-server dunder-proto@1.0.1 OK for: get-proto@1.0.1 want: ^1.0.1
1026 silly placeDep node_modules/vscode-solidity-server fs.realpath@1.0.0 OK for: glob@8.1.0 want: ^1.0.0
1027 silly placeDep node_modules/vscode-solidity-server inflight@1.0.6 OK for: glob@8.1.0 want: ^1.0.4
1028 silly placeDep node_modules/vscode-solidity-server inherits@2.0.4 OK for: glob@8.1.0 want: 2
1029 silly placeDep node_modules/vscode-solidity-server/node_modules/glob minimatch@5.1.6 OK for: glob@8.1.0 want: ^5.0.1
1030 silly placeDep node_modules/vscode-solidity-server once@1.4.0 OK for: glob@8.1.0 want: ^1.3.0
1031 silly fetch manifest wrappy@1
1032 silly packumentCache full:https://registry.npmjs.org/wrappy cache-miss
1033 silly fetch manifest brace-expansion@^2.0.1
1034 silly packumentCache full:https://registry.npmjs.org/brace-expansion cache-hit
1035 silly fetch manifest wrappy@1
1036 silly packumentCache full:https://registry.npmjs.org/wrappy cache-miss
1037 http fetch GET 200 https://registry.npmjs.org/wrappy 79ms (cache revalidated)
1038 silly packumentCache full:https://registry.npmjs.org/wrappy set size:7682 disposed:false
1039 http fetch GET 200 https://registry.npmjs.org/wrappy 107ms (cache revalidated)
1040 silly packumentCache full:https://registry.npmjs.org/wrappy set size:7682 disposed:false
1041 silly packumentCache full:https://registry.npmjs.org/wrappy dispose
1042 silly placeDep node_modules/vscode-solidity-server lru-cache@6.0.0 OK for: hosted-git-info@4.1.0 want: ^6.0.0
1043 silly fetch manifest yallist@^4.0.0
1044 silly packumentCache full:https://registry.npmjs.org/yallist cache-miss
1045 http fetch GET 200 https://registry.npmjs.org/yallist 88ms (cache revalidated)
1046 silly packumentCache full:https://registry.npmjs.org/yallist set size:34610 disposed:false
1047 silly placeDep node_modules/vscode-solidity-server/node_modules/htmlparser2 entities@6.0.1 OK for: htmlparser2@10.0.0 want: ^6.0.0
1048 silly placeDep node_modules/vscode-solidity-server agent-base@7.1.4 OK for: http-proxy-agent@7.0.2 want: ^7.1.0
1049 silly placeDep node_modules/vscode-solidity-server debug@4.4.3 OK for: http-proxy-agent@7.0.2 want: ^4.3.4
1050 silly fetch manifest ms@^2.1.3
1051 silly packumentCache full:https://registry.npmjs.org/ms cache-hit
1052 silly placeDep node_modules/vscode-solidity-server ms@2.1.3 OK for: debug@4.4.3 want: ^2.1.3
1053 silly placeDep node_modules/vscode-solidity-server safer-buffer@2.1.2 OK for: iconv-lite@0.6.3 want: >= 2.1.2 < 3.0.0
1054 silly placeDep node_modules/vscode-solidity-server wrappy@1.0.2 OK for: inflight@1.0.6 want: 1
1055 silly placeDep node_modules/vscode-solidity-server jws@3.2.2 OK for: jsonwebtoken@9.0.2 want: ^3.2.2
1056 silly placeDep node_modules/vscode-solidity-server lodash.includes@4.3.0 OK for: jsonwebtoken@9.0.2 want: ^4.3.0
1057 silly placeDep node_modules/vscode-solidity-server lodash.isboolean@3.0.3 OK for: jsonwebtoken@9.0.2 want: ^3.0.3
1058 silly placeDep node_modules/vscode-solidity-server lodash.isinteger@4.0.4 OK for: jsonwebtoken@9.0.2 want: ^4.0.4
1059 silly placeDep node_modules/vscode-solidity-server lodash.isnumber@3.0.3 OK for: jsonwebtoken@9.0.2 want: ^3.0.3
1060 silly placeDep node_modules/vscode-solidity-server lodash.isplainobject@4.0.6 OK for: jsonwebtoken@9.0.2 want: ^4.0.6
1061 silly placeDep node_modules/vscode-solidity-server lodash.isstring@4.0.1 OK for: jsonwebtoken@9.0.2 want: ^4.0.1
1062 silly placeDep node_modules/vscode-solidity-server lodash.once@4.1.1 OK for: jsonwebtoken@9.0.2 want: ^4.0.0
1063 silly fetch manifest jwa@^1.4.1
1064 silly packumentCache full:https://registry.npmjs.org/jwa cache-miss
1065 silly fetch manifest safe-buffer@^5.0.1
1066 silly packumentCache full:https://registry.npmjs.org/safe-buffer cache-miss
1067 http fetch GET 200 https://registry.npmjs.org/jwa 113ms (cache revalidated)
1068 silly packumentCache full:https://registry.npmjs.org/jwa set size:39956 disposed:false
1069 http fetch GET 200 https://registry.npmjs.org/safe-buffer 120ms (cache revalidated)
1070 silly packumentCache full:https://registry.npmjs.org/safe-buffer set size:41183 disposed:false
1071 silly placeDep node_modules/vscode-solidity-server jwa@1.4.2 OK for: jws@3.2.2 want: ^1.4.1
1072 silly placeDep node_modules/vscode-solidity-server safe-buffer@5.2.1 OK for: jws@3.2.2 want: ^5.0.1
1073 silly fetch manifest ecdsa-sig-formatter@1.0.11
1074 silly packumentCache full:https://registry.npmjs.org/ecdsa-sig-formatter cache-miss
1075 silly fetch manifest buffer-equal-constant-time@^1.0.1
1076 silly packumentCache full:https://registry.npmjs.org/buffer-equal-constant-time cache-miss
1077 http fetch GET 200 https://registry.npmjs.org/ecdsa-sig-formatter 88ms (cache revalidated)
1078 silly packumentCache full:https://registry.npmjs.org/ecdsa-sig-formatter set size:23546 disposed:false
1079 http fetch GET 200 https://registry.npmjs.org/buffer-equal-constant-time 90ms (cache revalidated)
1080 silly packumentCache full:https://registry.npmjs.org/buffer-equal-constant-time set size:4390 disposed:false
1081 silly placeDep node_modules/vscode-solidity-server buffer-equal-constant-time@1.0.1 OK for: jwa@1.4.2 want: ^1.0.1
1082 silly placeDep node_modules/vscode-solidity-server ecdsa-sig-formatter@1.0.11 OK for: jwa@1.4.2 want: 1.0.11
1083 silly placeDep node_modules/vscode-solidity-server node-addon-api@4.3.0 OK for: keytar@7.9.0 want: ^4.3.0
1084 silly placeDep node_modules/vscode-solidity-server prebuild-install@7.1.3 OK for: keytar@7.9.0 want: ^7.0.1
1085 silly fetch manifest detect-libc@^2.0.0
1086 silly packumentCache full:https://registry.npmjs.org/detect-libc cache-miss
1087 silly fetch manifest expand-template@^2.0.3
1088 silly packumentCache full:https://registry.npmjs.org/expand-template cache-miss
1089 silly fetch manifest github-from-package@0.0.0
1090 silly packumentCache full:https://registry.npmjs.org/github-from-package cache-miss
1091 silly fetch manifest minimist@^1.2.3
1092 silly packumentCache full:https://registry.npmjs.org/minimist cache-miss
1093 silly fetch manifest mkdirp-classic@^0.5.3
1094 silly packumentCache full:https://registry.npmjs.org/mkdirp-classic cache-miss
1095 silly fetch manifest napi-build-utils@^2.0.0
1096 silly packumentCache full:https://registry.npmjs.org/napi-build-utils cache-miss
1097 silly fetch manifest node-abi@^3.3.0
1098 silly packumentCache full:https://registry.npmjs.org/node-abi cache-miss
1099 silly fetch manifest pump@^3.0.0
1100 silly packumentCache full:https://registry.npmjs.org/pump cache-miss
1101 silly fetch manifest rc@^1.2.7
1102 silly packumentCache full:https://registry.npmjs.org/rc cache-miss
1103 silly fetch manifest simple-get@^4.0.0
1104 silly packumentCache full:https://registry.npmjs.org/simple-get cache-miss
1105 silly fetch manifest tar-fs@^2.0.0
1106 silly packumentCache full:https://registry.npmjs.org/tar-fs cache-miss
1107 http fetch GET 200 https://registry.npmjs.org/node-abi 85ms (cache revalidated)
1108 silly packumentCache full:https://registry.npmjs.org/node-abi set size:302653 disposed:false
1109 silly fetch manifest tunnel-agent@^0.6.0
1110 silly packumentCache full:https://registry.npmjs.org/tunnel-agent cache-miss
1111 http fetch GET 200 https://registry.npmjs.org/github-from-package 101ms (cache revalidated)
1112 silly packumentCache full:https://registry.npmjs.org/github-from-package set size:3718 disposed:false
1113 http fetch GET 200 https://registry.npmjs.org/minimist 102ms (cache revalidated)
1114 silly packumentCache full:https://registry.npmjs.org/minimist set size:77097 disposed:false
1115 http fetch GET 200 https://registry.npmjs.org/tunnel-agent 81ms (cache revalidated)
1116 silly packumentCache full:https://registry.npmjs.org/tunnel-agent set size:12847 disposed:false
1117 http fetch GET 200 https://registry.npmjs.org/napi-build-utils 342ms (cache revalidated)
1118 silly packumentCache full:https://registry.npmjs.org/napi-build-utils set size:13501 disposed:false
1119 http fetch GET 200 https://registry.npmjs.org/simple-get 358ms (cache revalidated)
1120 silly packumentCache full:https://registry.npmjs.org/simple-get set size:90014 disposed:false
1121 http fetch GET 200 https://registry.npmjs.org/detect-libc 373ms (cache revalidated)
1122 silly packumentCache full:https://registry.npmjs.org/detect-libc set size:45437 disposed:false
1123 http fetch GET 200 https://registry.npmjs.org/mkdirp-classic 604ms (cache revalidated)
1124 silly packumentCache full:https://registry.npmjs.org/mkdirp-classic set size:5503 disposed:false
1125 http fetch GET 200 https://registry.npmjs.org/pump 604ms (cache revalidated)
1126 silly packumentCache full:https://registry.npmjs.org/pump set size:39621 disposed:false
1127 http fetch GET 200 https://registry.npmjs.org/expand-template 618ms (cache revalidated)
1128 silly packumentCache full:https://registry.npmjs.org/expand-template set size:23203 disposed:false
1129 http fetch GET 200 https://registry.npmjs.org/rc 2148ms (cache revalidated)
1130 silly packumentCache full:https://registry.npmjs.org/rc set size:70417 disposed:false
1131 http fetch GET 200 https://registry.npmjs.org/tar-fs 2172ms (cache revalidated)
1132 silly packumentCache full:https://registry.npmjs.org/tar-fs set size:116386 disposed:false
1133 silly placeDep node_modules/vscode-solidity-server yallist@4.0.0 OK for: lru-cache@6.0.0 want: ^4.0.0
1134 silly placeDep node_modules/vscode-solidity-server argparse@2.0.1 OK for: markdown-it@12.3.2 want: ^2.0.1
1135 silly placeDep node_modules/vscode-solidity-server/node_modules/markdown-it entities@2.1.0 OK for: markdown-it@12.3.2 want: ~2.1.0
1136 silly placeDep node_modules/vscode-solidity-server linkify-it@3.0.3 OK for: markdown-it@12.3.2 want: ^3.0.1
1137 silly placeDep node_modules/vscode-solidity-server mdurl@1.0.1 OK for: markdown-it@12.3.2 want: ^1.0.1
1138 silly placeDep node_modules/vscode-solidity-server uc.micro@1.0.6 OK for: markdown-it@12.3.2 want: ^1.0.5
1139 silly fetch manifest uc.micro@^1.0.1
1140 silly packumentCache full:https://registry.npmjs.org/uc.micro cache-hit
1141 silly placeDep node_modules/vscode-solidity-server mime-db@1.52.0 OK for: mime-types@2.1.35 want: 1.52.0
1142 silly placeDep node_modules/vscode-solidity-server brace-expansion@1.1.12 OK for: minimatch@3.1.2 want: ^1.1.7
1143 silly fetch manifest balanced-match@^1.0.0
1144 silly packumentCache full:https://registry.npmjs.org/balanced-match cache-miss
1145 silly fetch manifest concat-map@0.0.1
1146 silly packumentCache full:https://registry.npmjs.org/concat-map cache-miss
1147 http fetch GET 200 https://registry.npmjs.org/concat-map 80ms (cache revalidated)
1148 silly packumentCache full:https://registry.npmjs.org/concat-map set size:9290 disposed:false
1149 http fetch GET 200 https://registry.npmjs.org/balanced-match 84ms (cache revalidated)
1150 silly packumentCache full:https://registry.npmjs.org/balanced-match set size:33860 disposed:false
1151 silly placeDep node_modules/vscode-solidity-server balanced-match@1.0.2 OK for: brace-expansion@1.1.12 want: ^1.0.0
1152 silly placeDep node_modules/vscode-solidity-server concat-map@0.0.1 OK for: brace-expansion@1.1.12 want: 0.0.1
1153 silly placeDep node_modules/vscode-solidity-server/node_modules/nethereum-codegen fs-extra@5.0.0 OK for: nethereum-codegen@3.0.4 want: ^5.0.0
1154 silly placeDep node_modules/vscode-solidity-server/node_modules/nethereum-codegen-old fs-extra@5.0.0 OK for: nethereum-codegen@1.0.29 want: ^5.0.0
1155 silly placeDep node_modules/vscode-solidity-server default-browser@5.2.1 OK for: open@10.2.0 want: ^5.2.1
1156 silly placeDep node_modules/vscode-solidity-server define-lazy-prop@3.0.0 OK for: open@10.2.0 want: ^3.0.0
1157 silly placeDep node_modules/vscode-solidity-server is-inside-container@1.0.0 OK for: open@10.2.0 want: ^1.0.0
1158 silly placeDep node_modules/vscode-solidity-server wsl-utils@0.1.0 OK for: open@10.2.0 want: ^0.1.0
1159 silly fetch manifest bundle-name@^4.1.0
1160 silly packumentCache full:https://registry.npmjs.org/bundle-name cache-miss
1161 silly fetch manifest default-browser-id@^5.0.0
1162 silly packumentCache full:https://registry.npmjs.org/default-browser-id cache-miss
1163 silly fetch manifest is-docker@^3.0.0
1164 silly packumentCache full:https://registry.npmjs.org/is-docker cache-miss
1165 silly fetch manifest is-wsl@^3.1.0
1166 silly packumentCache full:https://registry.npmjs.org/is-wsl cache-miss
1167 http fetch GET 200 https://registry.npmjs.org/default-browser-id 76ms (cache revalidated)
1168 silly packumentCache full:https://registry.npmjs.org/default-browser-id set size:22591 disposed:false
1169 http fetch GET 200 https://registry.npmjs.org/is-wsl 97ms (cache revalidated)
1170 silly packumentCache full:https://registry.npmjs.org/is-wsl set size:18741 disposed:false
1171 http fetch GET 200 https://registry.npmjs.org/is-docker 341ms (cache revalidated)
1172 silly packumentCache full:https://registry.npmjs.org/is-docker set size:23690 disposed:false
1173 http fetch GET 200 https://registry.npmjs.org/bundle-name 346ms (cache revalidated)
1174 silly packumentCache full:https://registry.npmjs.org/bundle-name set size:17344 disposed:false
1175 silly placeDep node_modules/vscode-solidity-server bundle-name@4.1.0 OK for: default-browser@5.2.1 want: ^4.1.0
1176 silly placeDep node_modules/vscode-solidity-server default-browser-id@5.0.0 OK for: default-browser@5.2.1 want: ^5.0.0
1177 silly fetch manifest run-applescript@^7.0.0
1178 silly packumentCache full:https://registry.npmjs.org/run-applescript cache-miss
1179 http fetch GET 200 https://registry.npmjs.org/run-applescript 83ms (cache revalidated)
1180 silly packumentCache full:https://registry.npmjs.org/run-applescript set size:27897 disposed:false
1181 silly placeDep node_modules/vscode-solidity-server run-applescript@7.1.0 OK for: bundle-name@4.1.0 want: ^7.0.0
1182 silly placeDep node_modules/vscode-solidity-server is-docker@3.0.0 OK for: is-inside-container@1.0.0 want: ^3.0.0
1183 silly placeDep node_modules/vscode-solidity-server/node_modules/parse-semver semver@5.7.2 OK for: parse-semver@1.1.1 want: ^5.1.0
1184 silly placeDep node_modules/vscode-solidity-server/node_modules/parse5 entities@6.0.1 OK for: parse5@7.3.0 want: ^6.0.0
1185 silly placeDep node_modules/vscode-solidity-server detect-libc@2.1.1 OK for: prebuild-install@7.1.3 want: ^2.0.0
1186 silly placeDep node_modules/vscode-solidity-server expand-template@2.0.3 OK for: prebuild-install@7.1.3 want: ^2.0.3
1187 silly placeDep node_modules/vscode-solidity-server github-from-package@0.0.0 OK for: prebuild-install@7.1.3 want: 0.0.0
1188 silly placeDep node_modules/vscode-solidity-server minimist@1.2.8 OK for: prebuild-install@7.1.3 want: ^1.2.3
1189 silly placeDep node_modules/vscode-solidity-server mkdirp-classic@0.5.3 OK for: prebuild-install@7.1.3 want: ^0.5.3
1190 silly placeDep node_modules/vscode-solidity-server napi-build-utils@2.0.0 OK for: prebuild-install@7.1.3 want: ^2.0.0
1191 silly placeDep node_modules/vscode-solidity-server node-abi@3.77.0 OK for: prebuild-install@7.1.3 want: ^3.3.0
1192 silly placeDep node_modules/vscode-solidity-server pump@3.0.3 OK for: prebuild-install@7.1.3 want: ^3.0.0
1193 silly placeDep node_modules/vscode-solidity-server rc@1.2.8 OK for: prebuild-install@7.1.3 want: ^1.2.7
1194 silly placeDep node_modules/vscode-solidity-server simple-get@4.0.1 OK for: prebuild-install@7.1.3 want: ^4.0.0
1195 silly placeDep node_modules/vscode-solidity-server tar-fs@2.1.4 OK for: prebuild-install@7.1.3 want: ^2.0.0
1196 silly placeDep node_modules/vscode-solidity-server tunnel-agent@0.6.0 OK for: prebuild-install@7.1.3 want: ^0.6.0
1197 silly fetch manifest end-of-stream@^1.1.0
1198 silly packumentCache full:https://registry.npmjs.org/end-of-stream cache-miss
1199 silly fetch manifest ini@~1.3.0
1200 silly packumentCache full:https://registry.npmjs.org/ini cache-miss
1201 silly fetch manifest deep-extend@^0.6.0
1202 silly packumentCache full:https://registry.npmjs.org/deep-extend cache-miss
1203 silly fetch manifest strip-json-comments@~2.0.1
1204 silly packumentCache full:https://registry.npmjs.org/strip-json-comments cache-miss
1205 silly fetch manifest decompress-response@^6.0.0
1206 silly packumentCache full:https://registry.npmjs.org/decompress-response cache-miss
1207 silly fetch manifest simple-concat@^1.0.0
1208 silly packumentCache full:https://registry.npmjs.org/simple-concat cache-miss
1209 silly fetch manifest chownr@^1.1.1
1210 silly packumentCache full:https://registry.npmjs.org/chownr cache-miss
1211 silly fetch manifest tar-stream@^2.1.4
1212 silly packumentCache full:https://registry.npmjs.org/tar-stream cache-miss
1213 http fetch GET 200 https://registry.npmjs.org/ini 59ms (cache revalidated)
1214 silly packumentCache full:https://registry.npmjs.org/ini set size:54653 disposed:false
1215 http fetch GET 200 https://registry.npmjs.org/strip-json-comments 67ms (cache revalidated)
1216 silly packumentCache full:https://registry.npmjs.org/strip-json-comments set size:43569 disposed:false
1217 http fetch GET 200 https://registry.npmjs.org/deep-extend 70ms (cache revalidated)
1218 silly packumentCache full:https://registry.npmjs.org/deep-extend set size:34472 disposed:false
1219 http fetch GET 200 https://registry.npmjs.org/end-of-stream 79ms (cache revalidated)
1220 silly packumentCache full:https://registry.npmjs.org/end-of-stream set size:27842 disposed:false
1221 http fetch GET 200 https://registry.npmjs.org/chownr 313ms (cache revalidated)
1222 silly packumentCache full:https://registry.npmjs.org/chownr set size:22157 disposed:false
1223 http fetch GET 200 https://registry.npmjs.org/simple-concat 323ms (cache revalidated)
1224 silly packumentCache full:https://registry.npmjs.org/simple-concat set size:6304 disposed:false
1225 http fetch GET 200 https://registry.npmjs.org/decompress-response 332ms (cache revalidated)
1226 silly packumentCache full:https://registry.npmjs.org/decompress-response set size:34164 disposed:false
1227 http fetch GET 200 https://registry.npmjs.org/tar-stream 336ms (cache revalidated)
1228 silly packumentCache full:https://registry.npmjs.org/tar-stream set size:132366 disposed:false
1229 silly placeDep node_modules/vscode-solidity-server @solidity-parser/parser@0.20.2 OK for: prettier-plugin-solidity@1.4.3 want: ^0.20.1
1230 silly placeDep node_modules/vscode-solidity-server end-of-stream@1.4.5 OK for: pump@3.0.3 want: ^1.1.0
1231 silly placeDep node_modules/vscode-solidity-server deep-extend@0.6.0 OK for: rc@1.2.8 want: ^0.6.0
1232 silly placeDep node_modules/vscode-solidity-server ini@1.3.8 OK for: rc@1.2.8 want: ~1.3.0
1233 silly placeDep node_modules/vscode-solidity-server strip-json-comments@2.0.1 OK for: rc@1.2.8 want: ~2.0.1
1234 silly placeDep node_modules/vscode-solidity-server mute-stream@0.0.8 OK for: read@1.0.7 want: ~0.0.4
1235 silly placeDep node_modules/vscode-solidity-server decompress-response@6.0.0 OK for: simple-get@4.0.1 want: ^6.0.0
1236 silly placeDep node_modules/vscode-solidity-server simple-concat@1.0.1 OK for: simple-get@4.0.1 want: ^1.0.0
1237 silly fetch manifest mimic-response@^3.1.0
1238 silly packumentCache full:https://registry.npmjs.org/mimic-response cache-miss
1239 http fetch GET 200 https://registry.npmjs.org/mimic-response 91ms (cache revalidated)
1240 silly packumentCache full:https://registry.npmjs.org/mimic-response set size:20174 disposed:false
1241 silly placeDep node_modules/vscode-solidity-server mimic-response@3.1.0 OK for: decompress-response@6.0.0 want: ^3.1.0
1242 silly placeDep node_modules/vscode-solidity-server command-exists@1.2.9 OK for: solc@0.8.30 want: ^1.2.8
1243 silly placeDep node_modules/vscode-solidity-server/node_modules/solc commander@8.3.0 OK for: solc@0.8.30 want: ^8.1.0
1244 silly placeDep node_modules/vscode-solidity-server js-sha3@0.8.0 OK for: solc@0.8.30 want: 0.8.0
1245 silly placeDep node_modules/vscode-solidity-server memorystream@0.3.1 OK for: solc@0.8.30 want: ^0.3.1
1246 silly placeDep node_modules/vscode-solidity-server/node_modules/solc semver@5.7.2 OK for: solc@0.8.30 want: ^5.5.0
1247 silly placeDep node_modules/vscode-solidity-server/node_modules/solc tmp@0.0.33 OK for: solc@0.8.30 want: 0.0.33
1248 silly fetch manifest os-tmpdir@~1.0.2
1249 silly packumentCache full:https://registry.npmjs.org/os-tmpdir cache-miss
1250 http fetch GET 200 https://registry.npmjs.org/os-tmpdir 62ms (cache revalidated)
1251 silly packumentCache full:https://registry.npmjs.org/os-tmpdir set size:8847 disposed:false
1252 silly fetch manifest typescript@>=4.9.5
1253 silly packumentCache full:https://registry.npmjs.org/typescript cache-miss
1254 http fetch GET 200 https://registry.npmjs.org/typescript 149ms (cache revalidated)
1255 silly packumentCache full:https://registry.npmjs.org/typescript set size:14712341 disposed:false
1256 silly placeDep node_modules/vscode-solidity-server ajv@6.12.6 OK for: solhint@5.2.0 want: ^6.12.6
1257 silly placeDep node_modules/vscode-solidity-server ajv-errors@1.0.1 OK for: solhint@5.2.0 want: ^1.0.1
1258 silly placeDep node_modules/vscode-solidity-server antlr4@4.13.2 OK for: solhint@5.2.0 want: ^4.13.1-patch-1
1259 silly placeDep node_modules/vscode-solidity-server ast-parents@0.0.1 OK for: solhint@5.2.0 want: ^0.0.1
1260 silly placeDep node_modules/vscode-solidity-server better-ajv-errors@2.0.2 OK for: solhint@5.2.0 want: ^2.0.2
1261 silly placeDep node_modules/vscode-solidity-server/node_modules/solhint chalk@4.1.2 OK for: solhint@5.2.0 want: ^4.1.2
1262 silly placeDep node_modules/vscode-solidity-server/node_modules/solhint commander@10.0.1 OK for: solhint@5.2.0 want: ^10.0.0
1263 silly placeDep node_modules/vscode-solidity-server cosmiconfig@8.3.6 OK for: solhint@5.2.0 want: ^8.0.0
1264 silly placeDep node_modules/vscode-solidity-server fast-diff@1.3.0 OK for: solhint@5.2.0 want: ^1.2.0
1265 silly placeDep node_modules/vscode-solidity-server/node_modules/solhint fs-extra@11.3.2 OK for: solhint@5.2.0 want: ^11.1.0
1266 silly placeDep node_modules/vscode-solidity-server ignore@5.3.2 OK for: solhint@5.2.0 want: ^5.2.4
1267 silly placeDep node_modules/vscode-solidity-server js-yaml@4.1.0 OK for: solhint@5.2.0 want: ^4.1.0
1268 silly placeDep node_modules/vscode-solidity-server latest-version@7.0.0 OK for: solhint@5.2.0 want: ^7.0.0
1269 silly placeDep node_modules/vscode-solidity-server lodash@4.17.21 OK for: solhint@5.2.0 want: ^4.17.21
1270 silly placeDep node_modules/vscode-solidity-server pluralize@8.0.0 OK for: solhint@5.2.0 want: ^8.0.0
1271 silly placeDep node_modules/vscode-solidity-server/node_modules/solhint prettier@2.8.8 OK for: solhint@5.2.0 want: ^2.8.3
1272 silly placeDep node_modules/vscode-solidity-server strip-ansi@6.0.1 OK for: solhint@5.2.0 want: ^6.0.1
1273 silly placeDep node_modules/vscode-solidity-server table@6.9.0 OK for: solhint@5.2.0 want: ^6.8.1
1274 silly placeDep node_modules/vscode-solidity-server text-table@0.2.0 OK for: solhint@5.2.0 want: ^0.2.0
1275 silly fetch manifest uri-js@^4.2.2
1276 silly packumentCache full:https://registry.npmjs.org/uri-js cache-miss
1277 silly fetch manifest fast-deep-equal@^3.1.1
1278 silly packumentCache full:https://registry.npmjs.org/fast-deep-equal cache-miss
1279 silly fetch manifest json-schema-traverse@^0.4.1
1280 silly packumentCache full:https://registry.npmjs.org/json-schema-traverse cache-miss
1281 silly fetch manifest fast-json-stable-stringify@^2.0.0
1282 silly packumentCache full:https://registry.npmjs.org/fast-json-stable-stringify cache-miss
1283 silly fetch manifest @babel/code-frame@^7.27.1
1284 silly packumentCache full:https://registry.npmjs.org/@babel%2fcode-frame cache-miss
1285 silly fetch manifest @humanwhocodes/momoa@^2.0.4
1286 silly packumentCache full:https://registry.npmjs.org/@humanwhocodes%2fmomoa cache-miss
1287 silly fetch manifest jsonpointer@^5.0.1
1288 silly packumentCache full:https://registry.npmjs.org/jsonpointer cache-miss
1289 silly fetch manifest ansi-styles@^4.1.0
1290 silly packumentCache full:https://registry.npmjs.org/ansi-styles cache-hit
1291 silly fetch manifest supports-color@^7.1.0
1292 silly packumentCache full:https://registry.npmjs.org/supports-color cache-hit
1293 silly fetch manifest import-fresh@^3.3.0
1294 silly packumentCache full:https://registry.npmjs.org/import-fresh cache-miss
1295 silly fetch manifest parse-json@^5.2.0
1296 silly packumentCache full:https://registry.npmjs.org/parse-json cache-miss
1297 silly fetch manifest path-type@^4.0.0
1298 silly packumentCache full:https://registry.npmjs.org/path-type cache-miss
1299 silly fetch manifest jsonfile@^6.0.1
1300 silly packumentCache full:https://registry.npmjs.org/jsonfile cache-hit
1301 silly fetch manifest universalify@^2.0.0
1302 silly packumentCache full:https://registry.npmjs.org/universalify cache-hit
1303 silly fetch manifest package-json@^8.1.0
1304 silly packumentCache full:https://registry.npmjs.org/package-json cache-miss
1305 http cache https://registry.npmjs.org/fast-deep-equal 17ms (cache hit)
1306 silly packumentCache full:https://registry.npmjs.org/fast-deep-equal set size:48634 disposed:false
1307 silly fetch manifest ansi-regex@^5.0.1
1308 silly packumentCache full:https://registry.npmjs.org/ansi-regex cache-miss
1309 http cache https://registry.npmjs.org/json-schema-traverse 19ms (cache hit)
1310 silly packumentCache full:https://registry.npmjs.org/json-schema-traverse set size:23537 disposed:false
1311 silly fetch manifest ajv@^8.0.1
1312 silly packumentCache full:https://registry.npmjs.org/ajv cache-miss
1313 http cache https://registry.npmjs.org/ajv 5ms (cache hit)
1314 silly packumentCache full:https://registry.npmjs.org/ajv set size:1126055 disposed:false
1315 silly fetch manifest slice-ansi@^4.0.0
1316 silly packumentCache full:https://registry.npmjs.org/slice-ansi cache-miss
1317 http fetch GET 200 https://registry.npmjs.org/parse-json 74ms (cache revalidated)
1318 silly packumentCache full:https://registry.npmjs.org/parse-json set size:48198 disposed:false
1319 silly fetch manifest string-width@^4.2.3
1320 silly packumentCache full:https://registry.npmjs.org/string-width cache-miss
1321 http fetch GET 200 https://registry.npmjs.org/uri-js 85ms (cache revalidated)
1322 silly packumentCache full:https://registry.npmjs.org/uri-js set size:42559 disposed:false
1323 silly fetch manifest lodash.truncate@^4.4.2
1324 silly packumentCache full:https://registry.npmjs.org/lodash.truncate cache-miss
1325 http fetch GET 200 https://registry.npmjs.org/@humanwhocodes%2fmomoa 102ms (cache revalidated)
1326 silly packumentCache full:https://registry.npmjs.org/@humanwhocodes%2fmomoa set size:84392 disposed:false
1327 http fetch GET 200 https://registry.npmjs.org/slice-ansi 85ms (cache revalidated)
1328 silly packumentCache full:https://registry.npmjs.org/slice-ansi set size:31098 disposed:false
1329 http fetch GET 200 https://registry.npmjs.org/string-width 69ms (cache revalidated)
1330 silly packumentCache full:https://registry.npmjs.org/string-width set size:64158 disposed:false
1331 http fetch GET 200 https://registry.npmjs.org/lodash.truncate 68ms (cache revalidated)
1332 silly packumentCache full:https://registry.npmjs.org/lodash.truncate set size:22282 disposed:false
1333 http fetch GET 200 https://registry.npmjs.org/package-json 327ms (cache revalidated)
1334 silly packumentCache full:https://registry.npmjs.org/package-json set size:73752 disposed:false
1335 http fetch GET 200 https://registry.npmjs.org/ansi-regex 330ms (cache revalidated)
1336 silly packumentCache full:https://registry.npmjs.org/ansi-regex set size:43572 disposed:false
1337 http fetch GET 200 https://registry.npmjs.org/@babel%2fcode-frame 369ms (cache revalidated)
1338 silly packumentCache full:https://registry.npmjs.org/@babel%2fcode-frame set size:182331 disposed:false
1339 http fetch GET 200 https://registry.npmjs.org/jsonpointer 603ms (cache revalidated)
1340 silly packumentCache full:https://registry.npmjs.org/jsonpointer set size:22257 disposed:false
1341 http fetch GET 200 https://registry.npmjs.org/path-type 610ms (cache revalidated)
1342 silly packumentCache full:https://registry.npmjs.org/path-type set size:15341 disposed:false
1343 http fetch GET 200 https://registry.npmjs.org/fast-json-stable-stringify 618ms (cache revalidated)
1344 silly packumentCache full:https://registry.npmjs.org/fast-json-stable-stringify set size:11337 disposed:false
1345 http fetch GET 200 https://registry.npmjs.org/import-fresh 839ms (cache revalidated)
1346 silly packumentCache full:https://registry.npmjs.org/import-fresh set size:21461 disposed:false
1347 silly placeDep node_modules/vscode-solidity-server fast-deep-equal@3.1.3 OK for: ajv@6.12.6 want: ^3.1.1
1348 silly placeDep node_modules/vscode-solidity-server fast-json-stable-stringify@2.1.0 OK for: ajv@6.12.6 want: ^2.0.0
1349 silly placeDep node_modules/vscode-solidity-server json-schema-traverse@0.4.1 OK for: ajv@6.12.6 want: ^0.4.1
1350 silly placeDep node_modules/vscode-solidity-server uri-js@4.4.1 OK for: ajv@6.12.6 want: ^4.2.2
1351 silly fetch manifest punycode@^2.1.0
1352 silly packumentCache full:https://registry.npmjs.org/punycode cache-miss
1353 http fetch GET 200 https://registry.npmjs.org/punycode 328ms (cache revalidated)
1354 silly packumentCache full:https://registry.npmjs.org/punycode set size:61302 disposed:false
1355 silly placeDep node_modules/vscode-solidity-server @babel/code-frame@7.27.1 OK for: better-ajv-errors@2.0.2 want: ^7.27.1
1356 silly placeDep node_modules/vscode-solidity-server @humanwhocodes/momoa@2.0.4 OK for: better-ajv-errors@2.0.2 want: ^2.0.4
1357 silly placeDep node_modules/vscode-solidity-server/node_modules/better-ajv-errors chalk@4.1.2 OK for: better-ajv-errors@2.0.2 want: ^4.1.2
1358 silly placeDep node_modules/vscode-solidity-server jsonpointer@5.0.1 OK for: better-ajv-errors@2.0.2 want: ^5.0.1
1359 silly fetch manifest js-tokens@^4.0.0
1360 silly packumentCache full:https://registry.npmjs.org/js-tokens cache-miss
1361 silly fetch manifest picocolors@^1.1.1
1362 silly packumentCache full:https://registry.npmjs.org/picocolors cache-miss
1363 silly fetch manifest @babel/helper-validator-identifier@^7.27.1
1364 silly packumentCache full:https://registry.npmjs.org/@babel%2fhelper-validator-identifier cache-miss
1365 http fetch GET 200 https://registry.npmjs.org/js-tokens 93ms (cache revalidated)
1366 silly packumentCache full:https://registry.npmjs.org/js-tokens set size:40514 disposed:false
1367 http fetch GET 200 https://registry.npmjs.org/@babel%2fhelper-validator-identifier 106ms (cache revalidated)
1368 silly packumentCache full:https://registry.npmjs.org/@babel%2fhelper-validator-identifier set size:105374 disposed:false
1369 http fetch GET 200 https://registry.npmjs.org/picocolors 344ms (cache revalidated)
1370 silly packumentCache full:https://registry.npmjs.org/picocolors set size:16648 disposed:false
1371 silly placeDep node_modules/vscode-solidity-server @babel/helper-validator-identifier@7.27.1 OK for: @babel/code-frame@7.27.1 want: ^7.27.1
1372 silly placeDep node_modules/vscode-solidity-server js-tokens@4.0.0 OK for: @babel/code-frame@7.27.1 want: ^4.0.0
1373 silly placeDep node_modules/vscode-solidity-server picocolors@1.1.1 OK for: @babel/code-frame@7.27.1 want: ^1.1.1
1374 silly placeDep node_modules/vscode-solidity-server import-fresh@3.3.1 OK for: cosmiconfig@8.3.6 want: ^3.3.0
1375 silly placeDep node_modules/vscode-solidity-server parse-json@5.2.0 OK for: cosmiconfig@8.3.6 want: ^5.2.0
1376 silly placeDep node_modules/vscode-solidity-server path-type@4.0.0 OK for: cosmiconfig@8.3.6 want: ^4.0.0
1377 silly fetch manifest parent-module@^1.0.0
1378 silly packumentCache full:https://registry.npmjs.org/parent-module cache-miss
1379 silly fetch manifest resolve-from@^4.0.0
1380 silly packumentCache full:https://registry.npmjs.org/resolve-from cache-miss
1381 silly fetch manifest error-ex@^1.3.1
1382 silly packumentCache full:https://registry.npmjs.org/error-ex cache-miss
1383 silly fetch manifest lines-and-columns@^1.1.6
1384 silly packumentCache full:https://registry.npmjs.org/lines-and-columns cache-miss
1385 silly fetch manifest json-parse-even-better-errors@^2.3.0
1386 silly packumentCache full:https://registry.npmjs.org/json-parse-even-better-errors cache-miss
1387 http fetch GET 200 https://registry.npmjs.org/error-ex 57ms (cache revalidated)
1388 silly packumentCache full:https://registry.npmjs.org/error-ex set size:31684 disposed:false
1389 http fetch GET 200 https://registry.npmjs.org/parent-module 61ms (cache revalidated)
1390 silly packumentCache full:https://registry.npmjs.org/parent-module set size:18255 disposed:false
1391 http fetch GET 200 https://registry.npmjs.org/json-parse-even-better-errors 65ms (cache revalidated)
1392 silly packumentCache full:https://registry.npmjs.org/json-parse-even-better-errors set size:31947 disposed:false
1393 http fetch GET 200 https://registry.npmjs.org/lines-and-columns 322ms (cache revalidated)
1394 silly packumentCache full:https://registry.npmjs.org/lines-and-columns set size:73796 disposed:false
1395 http fetch GET 200 https://registry.npmjs.org/resolve-from 861ms (cache revalidated)
1396 silly packumentCache full:https://registry.npmjs.org/resolve-from set size:12911 disposed:false
1397 silly placeDep node_modules/vscode-solidity-server parent-module@1.0.1 OK for: import-fresh@3.3.1 want: ^1.0.0
1398 silly placeDep node_modules/vscode-solidity-server resolve-from@4.0.0 OK for: import-fresh@3.3.1 want: ^4.0.0
1399 silly fetch manifest callsites@^3.0.0
1400 silly packumentCache full:https://registry.npmjs.org/callsites cache-miss
1401 http fetch GET 200 https://registry.npmjs.org/callsites 90ms (cache revalidated)
1402 silly packumentCache full:https://registry.npmjs.org/callsites set size:21349 disposed:false
1403 silly placeDep node_modules/vscode-solidity-server package-json@8.1.1 OK for: latest-version@7.0.0 want: ^8.1.0
1404 silly fetch manifest got@^12.1.0
1405 silly packumentCache full:https://registry.npmjs.org/got cache-miss
1406 silly fetch manifest registry-url@^6.0.0
1407 silly packumentCache full:https://registry.npmjs.org/registry-url cache-miss
1408 silly fetch manifest registry-auth-token@^5.0.1
1409 silly packumentCache full:https://registry.npmjs.org/registry-auth-token cache-miss
1410 http fetch GET 200 https://registry.npmjs.org/got 65ms (cache revalidated)
1411 silly packumentCache full:https://registry.npmjs.org/got set size:628189 disposed:false
1412 http fetch GET 200 https://registry.npmjs.org/registry-url 321ms (cache revalidated)
1413 silly packumentCache full:https://registry.npmjs.org/registry-url set size:35136 disposed:false
1414 http fetch GET 200 https://registry.npmjs.org/registry-auth-token 327ms (cache revalidated)
1415 silly packumentCache full:https://registry.npmjs.org/registry-auth-token set size:62354 disposed:false
1416 silly placeDep node_modules/vscode-solidity-server got@12.6.1 OK for: package-json@8.1.1 want: ^12.1.0
1417 silly placeDep node_modules/vscode-solidity-server registry-auth-token@5.1.0 OK for: package-json@8.1.1 want: ^5.0.1
1418 silly placeDep node_modules/vscode-solidity-server registry-url@6.0.1 OK for: package-json@8.1.1 want: ^6.0.0
1419 silly fetch manifest get-stream@^6.0.1
1420 silly packumentCache full:https://registry.npmjs.org/get-stream cache-miss
1421 silly fetch manifest p-cancelable@^3.0.0
1422 silly packumentCache full:https://registry.npmjs.org/p-cancelable cache-miss
1423 silly fetch manifest responselike@^3.0.0
1424 silly packumentCache full:https://registry.npmjs.org/responselike cache-miss
1425 silly fetch manifest http2-wrapper@^2.1.10
1426 silly packumentCache full:https://registry.npmjs.org/http2-wrapper cache-miss
1427 silly fetch manifest lowercase-keys@^3.0.0
1428 silly packumentCache full:https://registry.npmjs.org/lowercase-keys cache-miss
1429 silly fetch manifest @sindresorhus/is@^5.2.0
1430 silly packumentCache full:https://registry.npmjs.org/@sindresorhus%2fis cache-miss
1431 silly fetch manifest cacheable-lookup@^7.0.0
1432 silly packumentCache full:https://registry.npmjs.org/cacheable-lookup cache-miss
1433 silly fetch manifest cacheable-request@^10.2.8
1434 silly packumentCache full:https://registry.npmjs.org/cacheable-request cache-miss
1435 silly fetch manifest form-data-encoder@^2.1.2
1436 silly packumentCache full:https://registry.npmjs.org/form-data-encoder cache-miss
1437 silly fetch manifest @szmarczak/http-timer@^5.0.1
1438 silly packumentCache full:https://registry.npmjs.org/@szmarczak%2fhttp-timer cache-miss
1439 silly fetch manifest @pnpm/npm-conf@^2.1.0
1440 silly packumentCache full:https://registry.npmjs.org/@pnpm%2fnpm-conf cache-miss
1441 http fetch GET 200 https://registry.npmjs.org/cacheable-lookup 72ms (cache revalidated)
1442 silly packumentCache full:https://registry.npmjs.org/cacheable-lookup set size:98104 disposed:false
1443 http fetch GET 200 https://registry.npmjs.org/p-cancelable 77ms (cache revalidated)
1444 silly packumentCache full:https://registry.npmjs.org/p-cancelable set size:41253 disposed:false
1445 http fetch GET 200 https://registry.npmjs.org/responselike 82ms (cache revalidated)
1446 silly packumentCache full:https://registry.npmjs.org/responselike set size:18815 disposed:false
1447 http fetch GET 200 https://registry.npmjs.org/get-stream 83ms (cache revalidated)
1448 silly packumentCache full:https://registry.npmjs.org/get-stream set size:57536 disposed:false
1449 http fetch GET 200 https://registry.npmjs.org/form-data-encoder 83ms (cache revalidated)
1450 silly packumentCache full:https://registry.npmjs.org/form-data-encoder set size:154082 disposed:false
1451 http fetch GET 200 https://registry.npmjs.org/http2-wrapper 90ms (cache revalidated)
1452 silly packumentCache full:https://registry.npmjs.org/http2-wrapper set size:186724 disposed:false
1453 http fetch GET 200 https://registry.npmjs.org/@pnpm%2fnpm-conf 100ms (cache revalidated)
1454 silly packumentCache full:https://registry.npmjs.org/@pnpm%2fnpm-conf set size:50608 disposed:false
1455 http fetch GET 200 https://registry.npmjs.org/lowercase-keys 323ms (cache revalidated)
1456 silly packumentCache full:https://registry.npmjs.org/lowercase-keys set size:10125 disposed:false
1457 http fetch GET 200 https://registry.npmjs.org/cacheable-request 331ms (cache revalidated)
1458 silly packumentCache full:https://registry.npmjs.org/cacheable-request set size:260281 disposed:false
1459 http fetch GET 200 https://registry.npmjs.org/@szmarczak%2fhttp-timer 342ms (cache revalidated)
1460 silly packumentCache full:https://registry.npmjs.org/@szmarczak%2fhttp-timer set size:62682 disposed:false
1461 http fetch GET 200 https://registry.npmjs.org/@sindresorhus%2fis 352ms (cache revalidated)
1462 silly packumentCache full:https://registry.npmjs.org/@sindresorhus%2fis set size:188986 disposed:false
1463 silly placeDep node_modules/vscode-solidity-server @sindresorhus/is@5.6.0 OK for: got@12.6.1 want: ^5.2.0
1464 silly placeDep node_modules/vscode-solidity-server @szmarczak/http-timer@5.0.1 OK for: got@12.6.1 want: ^5.0.1
1465 silly placeDep node_modules/vscode-solidity-server cacheable-lookup@7.0.0 OK for: got@12.6.1 want: ^7.0.0
1466 silly placeDep node_modules/vscode-solidity-server cacheable-request@10.2.14 OK for: got@12.6.1 want: ^10.2.8
1467 silly placeDep node_modules/vscode-solidity-server form-data-encoder@2.1.4 OK for: got@12.6.1 want: ^2.1.2
1468 silly placeDep node_modules/vscode-solidity-server get-stream@6.0.1 OK for: got@12.6.1 want: ^6.0.1
1469 silly placeDep node_modules/vscode-solidity-server http2-wrapper@2.2.1 OK for: got@12.6.1 want: ^2.1.10
1470 silly placeDep node_modules/vscode-solidity-server lowercase-keys@3.0.0 OK for: got@12.6.1 want: ^3.0.0
1471 silly placeDep node_modules/vscode-solidity-server p-cancelable@3.0.0 OK for: got@12.6.1 want: ^3.0.0
1472 silly placeDep node_modules/vscode-solidity-server responselike@3.0.0 OK for: got@12.6.1 want: ^3.0.0
1473 silly fetch manifest defer-to-connect@^2.0.1
1474 silly packumentCache full:https://registry.npmjs.org/defer-to-connect cache-miss
1475 silly fetch manifest keyv@^4.5.3
1476 silly packumentCache full:https://registry.npmjs.org/keyv cache-miss
1477 silly fetch manifest normalize-url@^8.0.0
1478 silly packumentCache full:https://registry.npmjs.org/normalize-url cache-miss
1479 silly fetch manifest mimic-response@^4.0.0
1480 silly packumentCache full:https://registry.npmjs.org/mimic-response cache-hit
1481 silly fetch manifest http-cache-semantics@^4.1.1
1482 silly packumentCache full:https://registry.npmjs.org/http-cache-semantics cache-miss
1483 silly fetch manifest @types/http-cache-semantics@^4.0.2
1484 silly packumentCache full:https://registry.npmjs.org/@types%2fhttp-cache-semantics cache-miss
1485 silly fetch manifest quick-lru@^5.1.1
1486 silly packumentCache full:https://registry.npmjs.org/quick-lru cache-miss
1487 silly fetch manifest resolve-alpn@^1.2.0
1488 silly packumentCache full:https://registry.npmjs.org/resolve-alpn cache-miss
1489 http fetch GET 200 https://registry.npmjs.org/defer-to-connect 89ms (cache revalidated)
1490 silly packumentCache full:https://registry.npmjs.org/defer-to-connect set size:26880 disposed:false
1491 http fetch GET 200 https://registry.npmjs.org/@types%2fhttp-cache-semantics 94ms (cache revalidated)
1492 silly packumentCache full:https://registry.npmjs.org/@types%2fhttp-cache-semantics set size:10905 disposed:false
1493 http fetch GET 200 https://registry.npmjs.org/quick-lru 99ms (cache revalidated)
1494 silly packumentCache full:https://registry.npmjs.org/quick-lru set size:51562 disposed:false
1495 http fetch GET 200 https://registry.npmjs.org/resolve-alpn 353ms (cache revalidated)
1496 silly packumentCache full:https://registry.npmjs.org/resolve-alpn set size:19627 disposed:false
1497 http fetch GET 200 https://registry.npmjs.org/http-cache-semantics 607ms (cache revalidated)
1498 silly packumentCache full:https://registry.npmjs.org/http-cache-semantics set size:66288 disposed:false
1499 http fetch GET 200 https://registry.npmjs.org/normalize-url 610ms (cache revalidated)
1500 silly packumentCache full:https://registry.npmjs.org/normalize-url set size:132142 disposed:false
1501 http fetch GET 200 https://registry.npmjs.org/keyv 9039ms (cache updated)
1502 silly packumentCache full:https://registry.npmjs.org/keyv set size:undefined disposed:false
1503 silly placeDep node_modules/vscode-solidity-server defer-to-connect@2.0.1 OK for: @szmarczak/http-timer@5.0.1 want: ^2.0.1
1504 silly placeDep node_modules/vscode-solidity-server @types/http-cache-semantics@4.0.4 OK for: cacheable-request@10.2.14 want: ^4.0.2
1505 silly placeDep node_modules/vscode-solidity-server http-cache-semantics@4.2.0 OK for: cacheable-request@10.2.14 want: ^4.1.1
1506 silly placeDep node_modules/vscode-solidity-server keyv@4.5.4 OK for: cacheable-request@10.2.14 want: ^4.5.3
1507 silly placeDep node_modules/vscode-solidity-server/node_modules/cacheable-request mimic-response@4.0.0 OK for: cacheable-request@10.2.14 want: ^4.0.0
1508 silly placeDep node_modules/vscode-solidity-server normalize-url@8.1.0 OK for: cacheable-request@10.2.14 want: ^8.0.0
1509 silly fetch manifest json-buffer@3.0.1
1510 silly packumentCache full:https://registry.npmjs.org/json-buffer cache-miss
1511 http fetch GET 200 https://registry.npmjs.org/json-buffer 74ms (cache revalidated)
1512 silly packumentCache full:https://registry.npmjs.org/json-buffer set size:23474 disposed:false
1513 silly placeDep node_modules/vscode-solidity-server quick-lru@5.1.1 OK for: http2-wrapper@2.2.1 want: ^5.1.1
1514 silly placeDep node_modules/vscode-solidity-server resolve-alpn@1.2.1 OK for: http2-wrapper@2.2.1 want: ^1.2.0
1515 silly placeDep node_modules/vscode-solidity-server json-buffer@3.0.1 OK for: keyv@4.5.4 want: 3.0.1
1516 silly placeDep node_modules/vscode-solidity-server callsites@3.1.0 OK for: parent-module@1.0.1 want: ^3.0.0
1517 silly placeDep node_modules/vscode-solidity-server error-ex@1.3.4 OK for: parse-json@5.2.0 want: ^1.3.1
1518 silly placeDep node_modules/vscode-solidity-server json-parse-even-better-errors@2.3.1 OK for: parse-json@5.2.0 want: ^2.3.0
1519 silly placeDep node_modules/vscode-solidity-server lines-and-columns@1.2.4 OK for: parse-json@5.2.0 want: ^1.1.6
1520 silly fetch manifest is-arrayish@^0.2.1
1521 silly packumentCache full:https://registry.npmjs.org/is-arrayish cache-miss
1522 http fetch GET 200 https://registry.npmjs.org/is-arrayish 77ms (cache revalidated)
1523 silly packumentCache full:https://registry.npmjs.org/is-arrayish set size:15371 disposed:false
1524 silly placeDep node_modules/vscode-solidity-server is-arrayish@0.2.1 OK for: error-ex@1.3.4 want: ^0.2.1
1525 silly placeDep node_modules/vscode-solidity-server @pnpm/npm-conf@2.3.1 OK for: registry-auth-token@5.1.0 want: ^2.1.0
1526 silly fetch manifest config-chain@^1.1.11
1527 silly packumentCache full:https://registry.npmjs.org/config-chain cache-miss
1528 silly fetch manifest @pnpm/network.ca-file@^1.0.1
1529 silly packumentCache full:https://registry.npmjs.org/@pnpm%2fnetwork.ca-file cache-miss
1530 silly fetch manifest @pnpm/config.env-replace@^1.1.0
1531 silly packumentCache full:https://registry.npmjs.org/@pnpm%2fconfig.env-replace cache-miss
1532 http fetch GET 200 https://registry.npmjs.org/config-chain 94ms (cache revalidated)
1533 silly packumentCache full:https://registry.npmjs.org/config-chain set size:38691 disposed:false
1534 http fetch GET 200 https://registry.npmjs.org/@pnpm%2fconfig.env-replace 152ms (cache revalidated)
1535 silly packumentCache full:https://registry.npmjs.org/@pnpm%2fconfig.env-replace set size:15956 disposed:false
1536 http fetch GET 200 https://registry.npmjs.org/@pnpm%2fnetwork.ca-file 155ms (cache revalidated)
1537 silly packumentCache full:https://registry.npmjs.org/@pnpm%2fnetwork.ca-file set size:18310 disposed:false
1538 silly placeDep node_modules/vscode-solidity-server @pnpm/config.env-replace@1.1.0 OK for: @pnpm/npm-conf@2.3.1 want: ^1.1.0
1539 silly placeDep node_modules/vscode-solidity-server @pnpm/network.ca-file@1.0.2 OK for: @pnpm/npm-conf@2.3.1 want: ^1.0.1
1540 silly placeDep node_modules/vscode-solidity-server config-chain@1.1.13 OK for: @pnpm/npm-conf@2.3.1 want: ^1.1.11
1541 silly fetch manifest graceful-fs@4.2.10
1542 silly packumentCache full:https://registry.npmjs.org/graceful-fs cache-hit
1543 silly fetch manifest proto-list@~1.2.1
1544 silly packumentCache full:https://registry.npmjs.org/proto-list cache-miss
1545 http fetch GET 200 https://registry.npmjs.org/proto-list 64ms (cache revalidated)
1546 silly packumentCache full:https://registry.npmjs.org/proto-list set size:8764 disposed:false
1547 silly placeDep node_modules/vscode-solidity-server/node_modules/@pnpm/network.ca-file graceful-fs@4.2.10 OK for: @pnpm/network.ca-file@1.0.2 want: 4.2.10
1548 silly placeDep node_modules/vscode-solidity-server proto-list@1.2.4 OK for: config-chain@1.1.13 want: ~1.2.1
1549 silly fetch manifest solium@^1.0.0
1550 silly packumentCache full:https://registry.npmjs.org/solium cache-hit
1551 silly placeDep node_modules/vscode-solidity-server/node_modules/solium ajv@5.5.2 OK for: solium@1.2.5 want: ^5.2.2
1552 silly placeDep node_modules/vscode-solidity-server chokidar@1.7.0 OK for: solium@1.2.5 want: ^1.6.0
1553 silly placeDep node_modules/vscode-solidity-server colors@1.4.0 OK for: solium@1.2.5 want: ^1.1.2
1554 silly placeDep node_modules/vscode-solidity-server/node_modules/solium commander@2.20.3 OK for: solium@1.2.5 want: ^2.9.0
1555 silly placeDep node_modules/vscode-solidity-server diff@3.5.0 OK for: solium@1.2.5 want: ^3.5.0
1556 silly placeDep node_modules/vscode-solidity-server eol@0.9.1 OK for: solium@1.2.5 want: ^0.9.1
1557 silly placeDep node_modules/vscode-solidity-server js-string-escape@1.0.1 OK for: solium@1.2.5 want: ^1.0.1
1558 silly placeDep node_modules/vscode-solidity-server sol-digger@0.0.2 OK for: solium@1.2.5 want: 0.0.2
1559 silly placeDep node_modules/vscode-solidity-server sol-explore@1.6.1 OK for: solium@1.2.5 want: 1.6.1
1560 silly placeDep node_modules/vscode-solidity-server solium-plugin-security@0.1.1 OK for: solium@1.2.5 want: 0.1.1
1561 silly placeDep node_modules/vscode-solidity-server solparse@2.2.8 OK for: solium@1.2.5 want: 2.2.8
1562 silly fetch manifest co@^4.6.0
1563 silly packumentCache full:https://registry.npmjs.org/co cache-miss
1564 silly fetch manifest fast-deep-equal@^1.0.0
1565 silly packumentCache full:https://registry.npmjs.org/fast-deep-equal cache-hit
1566 silly fetch manifest json-schema-traverse@^0.3.0
1567 silly packumentCache full:https://registry.npmjs.org/json-schema-traverse cache-hit
1568 silly fetch manifest is-glob@^2.0.0
1569 silly packumentCache full:https://registry.npmjs.org/is-glob cache-miss
1570 silly fetch manifest anymatch@^1.3.0
1571 silly packumentCache full:https://registry.npmjs.org/anymatch cache-miss
1572 silly fetch manifest readdirp@^2.0.0
1573 silly packumentCache full:https://registry.npmjs.org/readdirp cache-miss
1574 silly fetch manifest async-each@^1.0.0
1575 silly packumentCache full:https://registry.npmjs.org/async-each cache-miss
1576 silly fetch manifest glob-parent@^2.0.0
1577 silly packumentCache full:https://registry.npmjs.org/glob-parent cache-miss
1578 silly fetch manifest is-binary-path@^1.0.0
1579 silly packumentCache full:https://registry.npmjs.org/is-binary-path cache-miss
1580 silly fetch manifest fsevents@^1.0.0
1581 silly packumentCache full:https://registry.npmjs.org/fsevents cache-miss
1582 silly fetch manifest mocha@^4.0.1
1583 silly packumentCache full:https://registry.npmjs.org/mocha cache-miss
1584 silly fetch manifest pegjs@^0.10.0
1585 silly packumentCache full:https://registry.npmjs.org/pegjs cache-miss
1586 http fetch GET 200 https://registry.npmjs.org/is-binary-path 105ms (cache revalidated)
1587 silly packumentCache full:https://registry.npmjs.org/is-binary-path set size:13475 disposed:false
1588 http fetch GET 200 https://registry.npmjs.org/co 112ms (cache revalidated)
1589 silly packumentCache full:https://registry.npmjs.org/co set size:53621 disposed:false
1590 http fetch GET 200 https://registry.npmjs.org/is-glob 115ms (cache revalidated)
1591 silly packumentCache full:https://registry.npmjs.org/is-glob set size:40530 disposed:false
1592 http fetch GET 200 https://registry.npmjs.org/readdirp 128ms (cache revalidated)
1593 silly packumentCache full:https://registry.npmjs.org/readdirp set size:105089 disposed:false
1594 http fetch GET 200 https://registry.npmjs.org/anymatch 137ms (cache revalidated)
1595 silly packumentCache full:https://registry.npmjs.org/anymatch set size:42974 disposed:false
1596 http fetch GET 200 https://registry.npmjs.org/pegjs 136ms (cache revalidated)
1597 silly packumentCache full:https://registry.npmjs.org/pegjs set size:71108 disposed:false
1598 http fetch GET 200 https://registry.npmjs.org/glob-parent 354ms (cache revalidated)
1599 silly packumentCache full:https://registry.npmjs.org/glob-parent set size:42445 disposed:false
1600 http fetch GET 200 https://registry.npmjs.org/mocha 376ms (cache revalidated)
1601 silly packumentCache full:https://registry.npmjs.org/mocha set size:3865329 disposed:false
1602 http fetch GET 200 https://registry.npmjs.org/async-each 435ms (cache revalidated)
1603 silly packumentCache full:https://registry.npmjs.org/async-each set size:27317 disposed:false
1604 http fetch GET 200 https://registry.npmjs.org/fsevents 2155ms (cache revalidated)
1605 silly packumentCache full:https://registry.npmjs.org/fsevents set size:182472 disposed:false
1606 silly placeDep node_modules/vscode-solidity-server anymatch@1.3.2 OK for: chokidar@1.7.0 want: ^1.3.0
1607 silly placeDep node_modules/vscode-solidity-server async-each@1.0.6 OK for: chokidar@1.7.0 want: ^1.0.0
1608 silly placeDep node_modules/vscode-solidity-server fsevents@1.2.13 OK for: chokidar@1.7.0 want: ^1.0.0
1609 silly placeDep node_modules/vscode-solidity-server glob-parent@2.0.0 OK for: chokidar@1.7.0 want: ^2.0.0
1610 silly placeDep node_modules/vscode-solidity-server is-binary-path@1.0.1 OK for: chokidar@1.7.0 want: ^1.0.0
1611 silly placeDep node_modules/vscode-solidity-server is-glob@2.0.1 OK for: chokidar@1.7.0 want: ^2.0.0
1612 silly placeDep node_modules/vscode-solidity-server path-is-absolute@1.0.1 OK for: chokidar@1.7.0 want: ^1.0.0
1613 silly placeDep node_modules/vscode-solidity-server readdirp@2.2.1 OK for: chokidar@1.7.0 want: ^2.0.0
1614 silly fetch manifest micromatch@^2.1.5
1615 silly packumentCache full:https://registry.npmjs.org/micromatch cache-miss
1616 silly fetch manifest normalize-path@^2.0.0
1617 silly packumentCache full:https://registry.npmjs.org/normalize-path cache-miss
1618 silly fetch manifest nan@^2.12.1
1619 silly packumentCache full:https://registry.npmjs.org/nan cache-miss
1620 silly fetch manifest bindings@^1.5.0
1621 silly packumentCache full:https://registry.npmjs.org/bindings cache-miss
1622 silly fetch manifest binary-extensions@^1.0.0
1623 silly packumentCache full:https://registry.npmjs.org/binary-extensions cache-miss
1624 silly fetch manifest is-extglob@^1.0.0
1625 silly packumentCache full:https://registry.npmjs.org/is-extglob cache-miss
1626 silly fetch manifest micromatch@^3.1.10
1627 silly packumentCache full:https://registry.npmjs.org/micromatch cache-miss
1628 silly fetch manifest readable-stream@^2.0.2
1629 silly packumentCache full:https://registry.npmjs.org/readable-stream cache-miss
1630 http fetch GET 200 https://registry.npmjs.org/binary-extensions 71ms (cache revalidated)
1631 silly packumentCache full:https://registry.npmjs.org/binary-extensions set size:51551 disposed:false
1632 http fetch GET 200 https://registry.npmjs.org/is-extglob 74ms (cache revalidated)
1633 silly packumentCache full:https://registry.npmjs.org/is-extglob set size:11766 disposed:false
1634 http fetch GET 200 https://registry.npmjs.org/bindings 79ms (cache revalidated)
1635 silly packumentCache full:https://registry.npmjs.org/bindings set size:31303 disposed:false
1636 http fetch GET 200 https://registry.npmjs.org/normalize-path 82ms (cache revalidated)
1637 silly packumentCache full:https://registry.npmjs.org/normalize-path set size:28713 disposed:false
1638 http fetch GET 200 https://registry.npmjs.org/micromatch 93ms (cache revalidated)
1639 silly packumentCache full:https://registry.npmjs.org/micromatch set size:240630 disposed:false
1640 http fetch GET 200 https://registry.npmjs.org/micromatch 333ms (cache revalidated)
1641 silly packumentCache full:https://registry.npmjs.org/micromatch set size:240630 disposed:false
1642 silly packumentCache full:https://registry.npmjs.org/micromatch dispose
1643 http fetch GET 200 https://registry.npmjs.org/readable-stream 338ms (cache revalidated)
1644 silly packumentCache full:https://registry.npmjs.org/readable-stream set size:261096 disposed:false
1645 http fetch GET 200 https://registry.npmjs.org/nan 349ms (cache revalidated)
1646 silly packumentCache full:https://registry.npmjs.org/nan set size:225635 disposed:false
1647 silly placeDep node_modules/vscode-solidity-server micromatch@2.3.11 OK for: anymatch@1.3.2 want: ^2.1.5
1648 silly placeDep node_modules/vscode-solidity-server normalize-path@2.1.1 OK for: anymatch@1.3.2 want: ^2.0.0
1649 silly fetch manifest braces@^1.8.2
1650 silly packumentCache full:https://registry.npmjs.org/braces cache-miss
1651 silly fetch manifest extglob@^0.3.1
1652 silly packumentCache full:https://registry.npmjs.org/extglob cache-miss
1653 silly fetch manifest kind-of@^3.0.2
1654 silly packumentCache full:https://registry.npmjs.org/kind-of cache-miss
1655 silly fetch manifest arr-diff@^2.0.0
1656 silly packumentCache full:https://registry.npmjs.org/arr-diff cache-miss
1657 silly fetch manifest parse-glob@^3.0.4
1658 silly packumentCache full:https://registry.npmjs.org/parse-glob cache-miss
1659 silly fetch manifest object.omit@^2.0.0
1660 silly packumentCache full:https://registry.npmjs.org/object.omit cache-miss
1661 silly fetch manifest regex-cache@^0.4.2
1662 silly packumentCache full:https://registry.npmjs.org/regex-cache cache-miss
1663 silly fetch manifest array-unique@^0.2.1
1664 silly packumentCache full:https://registry.npmjs.org/array-unique cache-miss
1665 silly fetch manifest filename-regex@^2.0.0
1666 silly packumentCache full:https://registry.npmjs.org/filename-regex cache-miss
1667 silly fetch manifest normalize-path@^2.0.1
1668 silly packumentCache full:https://registry.npmjs.org/normalize-path cache-hit
1669 silly fetch manifest expand-brackets@^0.1.4
1670 silly packumentCache full:https://registry.npmjs.org/expand-brackets cache-miss
1671 silly fetch manifest remove-trailing-separator@^1.0.1
1672 silly packumentCache full:https://registry.npmjs.org/remove-trailing-separator cache-miss
1673 http fetch GET 200 https://registry.npmjs.org/braces 71ms (cache revalidated)
1674 silly packumentCache full:https://registry.npmjs.org/braces set size:114529 disposed:false
1675 http fetch GET 200 https://registry.npmjs.org/extglob 79ms (cache revalidated)
1676 silly packumentCache full:https://registry.npmjs.org/extglob set size:42702 disposed:false
1677 http fetch GET 200 https://registry.npmjs.org/array-unique 108ms (cache revalidated)
1678 silly packumentCache full:https://registry.npmjs.org/array-unique set size:11441 disposed:false
1679 http fetch GET 200 https://registry.npmjs.org/parse-glob 112ms (cache revalidated)
1680 silly packumentCache full:https://registry.npmjs.org/parse-glob set size:27867 disposed:false
1681 http fetch GET 200 https://registry.npmjs.org/expand-brackets 315ms (cache revalidated)
1682 silly packumentCache full:https://registry.npmjs.org/expand-brackets set size:49570 disposed:false
1683 http fetch GET 200 https://registry.npmjs.org/filename-regex 323ms (cache revalidated)
1684 silly packumentCache full:https://registry.npmjs.org/filename-regex set size:10849 disposed:false
1685 http fetch GET 200 https://registry.npmjs.org/remove-trailing-separator 328ms (cache revalidated)
1686 silly packumentCache full:https://registry.npmjs.org/remove-trailing-separator set size:9314 disposed:false
1687 http fetch GET 200 https://registry.npmjs.org/arr-diff 336ms (cache revalidated)
1688 silly packumentCache full:https://registry.npmjs.org/arr-diff set size:24839 disposed:false
1689 http fetch GET 200 https://registry.npmjs.org/regex-cache 576ms (cache revalidated)
1690 silly packumentCache full:https://registry.npmjs.org/regex-cache set size:23799 disposed:false
1691 http fetch GET 200 https://registry.npmjs.org/kind-of 817ms (cache revalidated)
1692 silly packumentCache full:https://registry.npmjs.org/kind-of set size:70901 disposed:false
1693 http fetch GET 200 https://registry.npmjs.org/object.omit 834ms (cache revalidated)
1694 silly packumentCache full:https://registry.npmjs.org/object.omit set size:17063 disposed:false
1695 silly placeDep node_modules/vscode-solidity-server bindings@1.5.0 OK for: fsevents@1.2.13 want: ^1.5.0
1696 silly placeDep node_modules/vscode-solidity-server nan@2.23.0 OK for: fsevents@1.2.13 want: ^2.12.1
1697 silly fetch manifest file-uri-to-path@1.0.0
1698 silly packumentCache full:https://registry.npmjs.org/file-uri-to-path cache-miss
1699 http fetch GET 200 https://registry.npmjs.org/file-uri-to-path 73ms (cache revalidated)
1700 silly packumentCache full:https://registry.npmjs.org/file-uri-to-path set size:10154 disposed:false
1701 silly placeDep node_modules/vscode-solidity-server file-uri-to-path@1.0.0 OK for: bindings@1.5.0 want: 1.0.0
1702 silly placeDep node_modules/vscode-solidity-server binary-extensions@1.13.1 OK for: is-binary-path@1.0.1 want: ^1.0.0
1703 silly placeDep node_modules/vscode-solidity-server is-extglob@1.0.0 OK for: is-glob@2.0.1 want: ^1.0.0
1704 silly placeDep node_modules/vscode-solidity-server arr-diff@2.0.0 OK for: micromatch@2.3.11 want: ^2.0.0
1705 silly placeDep node_modules/vscode-solidity-server array-unique@0.2.1 OK for: micromatch@2.3.11 want: ^0.2.1
1706 silly placeDep node_modules/vscode-solidity-server braces@1.8.5 OK for: micromatch@2.3.11 want: ^1.8.2
1707 silly placeDep node_modules/vscode-solidity-server expand-brackets@0.1.5 OK for: micromatch@2.3.11 want: ^0.1.4
1708 silly placeDep node_modules/vscode-solidity-server extglob@0.3.2 OK for: micromatch@2.3.11 want: ^0.3.1
1709 silly placeDep node_modules/vscode-solidity-server filename-regex@2.0.1 OK for: micromatch@2.3.11 want: ^2.0.0
1710 silly placeDep node_modules/vscode-solidity-server kind-of@3.2.2 OK for: micromatch@2.3.11 want: ^3.0.2
1711 silly placeDep node_modules/vscode-solidity-server object.omit@2.0.1 OK for: micromatch@2.3.11 want: ^2.0.0
1712 silly placeDep node_modules/vscode-solidity-server parse-glob@3.0.4 OK for: micromatch@2.3.11 want: ^3.0.4
1713 silly placeDep node_modules/vscode-solidity-server regex-cache@0.4.4 OK for: micromatch@2.3.11 want: ^0.4.2
1714 silly fetch manifest arr-flatten@^1.0.1
1715 silly packumentCache full:https://registry.npmjs.org/arr-flatten cache-miss
1716 silly fetch manifest preserve@^0.2.0
1717 silly packumentCache full:https://registry.npmjs.org/preserve cache-miss
1718 silly fetch manifest expand-range@^1.8.1
1719 silly packumentCache full:https://registry.npmjs.org/expand-range cache-miss
1720 silly fetch manifest repeat-element@^1.1.2
1721 silly packumentCache full:https://registry.npmjs.org/repeat-element cache-miss
1722 silly fetch manifest is-posix-bracket@^0.1.0
1723 silly packumentCache full:https://registry.npmjs.org/is-posix-bracket cache-miss
1724 silly fetch manifest is-buffer@^1.1.5
1725 silly packumentCache full:https://registry.npmjs.org/is-buffer cache-miss
1726 silly fetch manifest for-own@^0.1.4
1727 silly packumentCache full:https://registry.npmjs.org/for-own cache-miss
1728 silly fetch manifest is-extendable@^0.1.1
1729 silly packumentCache full:https://registry.npmjs.org/is-extendable cache-miss
1730 silly fetch manifest glob-base@^0.3.0
1731 silly packumentCache full:https://registry.npmjs.org/glob-base cache-miss
1732 silly fetch manifest is-dotfile@^1.0.0
1733 silly packumentCache full:https://registry.npmjs.org/is-dotfile cache-miss
1734 silly fetch manifest is-equal-shallow@^0.1.3
1735 silly packumentCache full:https://registry.npmjs.org/is-equal-shallow cache-miss
1736 http fetch GET 200 https://registry.npmjs.org/repeat-element 79ms (cache revalidated)
1737 silly packumentCache full:https://registry.npmjs.org/repeat-element set size:15361 disposed:false
1738 http fetch GET 200 https://registry.npmjs.org/is-posix-bracket 80ms (cache revalidated)
1739 silly packumentCache full:https://registry.npmjs.org/is-posix-bracket set size:7788 disposed:false
1740 http fetch GET 200 https://registry.npmjs.org/arr-flatten 82ms (cache revalidated)
1741 silly packumentCache full:https://registry.npmjs.org/arr-flatten set size:19571 disposed:false
1742 http fetch GET 200 https://registry.npmjs.org/expand-range 84ms (cache revalidated)
1743 silly packumentCache full:https://registry.npmjs.org/expand-range set size:43623 disposed:false
1744 http fetch GET 200 https://registry.npmjs.org/is-buffer 97ms (cache revalidated)
1745 silly packumentCache full:https://registry.npmjs.org/is-buffer set size:34803 disposed:false
1746 http fetch GET 200 https://registry.npmjs.org/glob-base 322ms (cache revalidated)
1747 silly packumentCache full:https://registry.npmjs.org/glob-base set size:12400 disposed:false
1748 http fetch GET 200 https://registry.npmjs.org/is-equal-shallow 328ms (cache revalidated)
1749 silly packumentCache full:https://registry.npmjs.org/is-equal-shallow set size:10565 disposed:false
1750 http fetch GET 200 https://registry.npmjs.org/is-extendable 337ms (cache revalidated)
1751 silly packumentCache full:https://registry.npmjs.org/is-extendable set size:12265 disposed:false
1752 http fetch GET 200 https://registry.npmjs.org/for-own 596ms (cache revalidated)
1753 silly packumentCache full:https://registry.npmjs.org/for-own set size:18095 disposed:false
1754 http fetch GET 200 https://registry.npmjs.org/is-dotfile 601ms (cache revalidated)
1755 silly packumentCache full:https://registry.npmjs.org/is-dotfile set size:16831 disposed:false
1756 http fetch GET 200 https://registry.npmjs.org/preserve 1812ms (cache revalidated)
1757 silly packumentCache full:https://registry.npmjs.org/preserve set size:11218 disposed:false
1758 silly placeDep node_modules/vscode-solidity-server arr-flatten@1.1.0 OK for: arr-diff@2.0.0 want: ^1.0.1
1759 silly placeDep node_modules/vscode-solidity-server expand-range@1.8.2 OK for: braces@1.8.5 want: ^1.8.1
1760 silly placeDep node_modules/vscode-solidity-server preserve@0.2.0 OK for: braces@1.8.5 want: ^0.2.0
1761 silly placeDep node_modules/vscode-solidity-server repeat-element@1.1.4 OK for: braces@1.8.5 want: ^1.1.2
1762 silly fetch manifest fill-range@^2.1.0
1763 silly packumentCache full:https://registry.npmjs.org/fill-range cache-miss
1764 http fetch GET 200 https://registry.npmjs.org/fill-range 80ms (cache revalidated)
1765 silly packumentCache full:https://registry.npmjs.org/fill-range set size:90212 disposed:false
1766 silly placeDep node_modules/vscode-solidity-server is-posix-bracket@0.1.1 OK for: expand-brackets@0.1.5 want: ^0.1.0
1767 silly placeDep node_modules/vscode-solidity-server fill-range@2.2.4 OK for: expand-range@1.8.2 want: ^2.1.0
1768 silly fetch manifest is-number@^2.1.0
1769 silly packumentCache full:https://registry.npmjs.org/is-number cache-miss
1770 silly fetch manifest isobject@^2.0.0
1771 silly packumentCache full:https://registry.npmjs.org/isobject cache-miss
1772 silly fetch manifest randomatic@^3.0.0
1773 silly packumentCache full:https://registry.npmjs.org/randomatic cache-miss
1774 silly fetch manifest repeat-string@^1.5.2
1775 silly packumentCache full:https://registry.npmjs.org/repeat-string cache-miss
1776 http fetch GET 200 https://registry.npmjs.org/is-number 79ms (cache revalidated)
1777 silly packumentCache full:https://registry.npmjs.org/is-number set size:36183 disposed:false
1778 http fetch GET 200 https://registry.npmjs.org/randomatic 87ms (cache revalidated)
1779 silly packumentCache full:https://registry.npmjs.org/randomatic set size:48261 disposed:false
1780 http fetch GET 200 https://registry.npmjs.org/repeat-string 126ms (cache revalidated)
1781 silly packumentCache full:https://registry.npmjs.org/repeat-string set size:35494 disposed:false
1782 http fetch GET 200 https://registry.npmjs.org/isobject 339ms (cache revalidated)
1783 silly packumentCache full:https://registry.npmjs.org/isobject set size:26140 disposed:false
1784 silly placeDep node_modules/vscode-solidity-server is-number@2.1.0 OK for: fill-range@2.2.4 want: ^2.1.0
1785 silly placeDep node_modules/vscode-solidity-server isobject@2.1.0 OK for: fill-range@2.2.4 want: ^2.0.0
1786 silly placeDep node_modules/vscode-solidity-server randomatic@3.1.1 OK for: fill-range@2.2.4 want: ^3.0.0
1787 silly placeDep node_modules/vscode-solidity-server repeat-string@1.6.1 OK for: fill-range@2.2.4 want: ^1.5.2
1788 silly fetch manifest isarray@1.0.0
1789 silly packumentCache full:https://registry.npmjs.org/isarray cache-miss
1790 silly fetch manifest is-number@^4.0.0
1791 silly packumentCache full:https://registry.npmjs.org/is-number cache-hit
1792 silly fetch manifest kind-of@^6.0.0
1793 silly packumentCache full:https://registry.npmjs.org/kind-of cache-hit
1794 silly fetch manifest math-random@^1.0.1
1795 silly packumentCache full:https://registry.npmjs.org/math-random cache-miss
1796 http fetch GET 200 https://registry.npmjs.org/isarray 325ms (cache revalidated)
1797 silly packumentCache full:https://registry.npmjs.org/isarray set size:17392 disposed:false
1798 http fetch GET 200 https://registry.npmjs.org/math-random 333ms (cache revalidated)
1799 silly packumentCache full:https://registry.npmjs.org/math-random set size:17146 disposed:false
1800 silly placeDep node_modules/vscode-solidity-server isarray@1.0.0 OK for: isobject@2.1.0 want: 1.0.0
1801 silly placeDep node_modules/vscode-solidity-server is-buffer@1.1.6 OK for: kind-of@3.2.2 want: ^1.1.5
1802 silly placeDep node_modules/vscode-solidity-server remove-trailing-separator@1.1.0 OK for: normalize-path@2.1.1 want: ^1.0.1
1803 silly placeDep node_modules/vscode-solidity-server for-own@0.1.5 OK for: object.omit@2.0.1 want: ^0.1.4
1804 silly placeDep node_modules/vscode-solidity-server is-extendable@0.1.1 OK for: object.omit@2.0.1 want: ^0.1.1
1805 silly fetch manifest for-in@^1.0.1
1806 silly packumentCache full:https://registry.npmjs.org/for-in cache-miss
1807 http fetch GET 200 https://registry.npmjs.org/for-in 66ms (cache revalidated)
1808 silly packumentCache full:https://registry.npmjs.org/for-in set size:27557 disposed:false
1809 silly placeDep node_modules/vscode-solidity-server for-in@1.0.2 OK for: for-own@0.1.5 want: ^1.0.1
1810 silly placeDep node_modules/vscode-solidity-server glob-base@0.3.0 OK for: parse-glob@3.0.4 want: ^0.3.0
1811 silly placeDep node_modules/vscode-solidity-server is-dotfile@1.0.3 OK for: parse-glob@3.0.4 want: ^1.0.0
1812 silly placeDep node_modules/vscode-solidity-server/node_modules/randomatic is-number@4.0.0 OK for: randomatic@3.1.1 want: ^4.0.0
1813 silly placeDep node_modules/vscode-solidity-server/node_modules/randomatic kind-of@6.0.3 OK for: randomatic@3.1.1 want: ^6.0.0
1814 silly placeDep node_modules/vscode-solidity-server math-random@1.0.4 OK for: randomatic@3.1.1 want: ^1.0.1
1815 silly placeDep node_modules/vscode-solidity-server/node_modules/readdirp micromatch@3.1.10 OK for: readdirp@2.2.1 want: ^3.1.10
1816 silly placeDep node_modules/vscode-solidity-server readable-stream@2.3.8 OK for: readdirp@2.2.1 want: ^2.0.2
1817 silly fetch manifest braces@^2.3.1
1818 silly packumentCache full:https://registry.npmjs.org/braces cache-hit
1819 silly fetch manifest extglob@^2.0.4
1820 silly packumentCache full:https://registry.npmjs.org/extglob cache-hit
1821 silly fetch manifest kind-of@^6.0.2
1822 silly packumentCache full:https://registry.npmjs.org/kind-of cache-hit
1823 silly fetch manifest arr-diff@^4.0.0
1824 silly packumentCache full:https://registry.npmjs.org/arr-diff cache-hit
1825 silly fetch manifest to-regex@^3.0.2
1826 silly packumentCache full:https://registry.npmjs.org/to-regex cache-miss
1827 silly fetch manifest nanomatch@^1.2.9
1828 silly packumentCache full:https://registry.npmjs.org/nanomatch cache-miss
1829 silly fetch manifest regex-not@^1.0.0
1830 silly packumentCache full:https://registry.npmjs.org/regex-not cache-miss
1831 silly fetch manifest snapdragon@^0.8.1
1832 silly packumentCache full:https://registry.npmjs.org/snapdragon cache-miss
1833 silly fetch manifest object.pick@^1.3.0
1834 silly packumentCache full:https://registry.npmjs.org/object.pick cache-miss
1835 silly fetch manifest array-unique@^0.3.2
1836 silly packumentCache full:https://registry.npmjs.org/array-unique cache-hit
1837 silly fetch manifest extend-shallow@^3.0.2
1838 silly packumentCache full:https://registry.npmjs.org/extend-shallow cache-miss
1839 silly fetch manifest fragment-cache@^0.2.1
1840 silly packumentCache full:https://registry.npmjs.org/fragment-cache cache-miss
1841 silly fetch manifest define-property@^2.0.2
1842 silly packumentCache full:https://registry.npmjs.org/define-property cache-miss
1843 silly fetch manifest safe-buffer@~5.1.1
1844 silly packumentCache full:https://registry.npmjs.org/safe-buffer cache-hit
1845 silly fetch manifest core-util-is@~1.0.0
1846 silly packumentCache full:https://registry.npmjs.org/core-util-is cache-miss
1847 silly fetch manifest string_decoder@~1.1.1
1848 silly packumentCache full:https://registry.npmjs.org/string_decoder cache-miss
1849 silly fetch manifest util-deprecate@~1.0.1
1850 silly packumentCache full:https://registry.npmjs.org/util-deprecate cache-miss
1851 http fetch GET 200 https://registry.npmjs.org/regex-not 94ms (cache revalidated)
1852 silly packumentCache full:https://registry.npmjs.org/regex-not set size:16637 disposed:false
1853 silly fetch manifest process-nextick-args@~2.0.0
1854 silly packumentCache full:https://registry.npmjs.org/process-nextick-args cache-miss
1855 http fetch GET 200 https://registry.npmjs.org/define-property 98ms (cache revalidated)
1856 silly packumentCache full:https://registry.npmjs.org/define-property set size:27005 disposed:false
1857 http fetch GET 200 https://registry.npmjs.org/snapdragon 109ms (cache revalidated)
1858 silly packumentCache full:https://registry.npmjs.org/snapdragon set size:114292 disposed:false
1859 http fetch GET 200 https://registry.npmjs.org/string_decoder 137ms (cache revalidated)
1860 silly packumentCache full:https://registry.npmjs.org/string_decoder set size:28441 disposed:false
1861 http fetch GET 200 https://registry.npmjs.org/process-nextick-args 72ms (cache revalidated)
1862 silly packumentCache full:https://registry.npmjs.org/process-nextick-args set size:15428 disposed:false
1863 http fetch GET 200 https://registry.npmjs.org/extend-shallow 342ms (cache revalidated)
1864 silly packumentCache full:https://registry.npmjs.org/extend-shallow set size:30182 disposed:false
1865 http fetch GET 200 https://registry.npmjs.org/object.pick 353ms (cache revalidated)
1866 silly packumentCache full:https://registry.npmjs.org/object.pick set size:17776 disposed:false
1867 http fetch GET 200 https://registry.npmjs.org/util-deprecate 356ms (cache revalidated)
1868 silly packumentCache full:https://registry.npmjs.org/util-deprecate set size:6674 disposed:false
1869 http fetch GET 200 https://registry.npmjs.org/to-regex 618ms (cache revalidated)
1870 silly packumentCache full:https://registry.npmjs.org/to-regex set size:23376 disposed:false
1871 http fetch GET 200 https://registry.npmjs.org/fragment-cache 627ms (cache revalidated)
1872 silly packumentCache full:https://registry.npmjs.org/fragment-cache set size:11042 disposed:false
1873 http fetch GET 200 https://registry.npmjs.org/core-util-is 1079ms (cache revalidated)
1874 silly packumentCache full:https://registry.npmjs.org/core-util-is set size:7163 disposed:false
1875 http fetch GET 200 https://registry.npmjs.org/nanomatch 1114ms (cache revalidated)
1876 silly packumentCache full:https://registry.npmjs.org/nanomatch set size:117747 disposed:false
1877 silly placeDep node_modules/vscode-solidity-server core-util-is@1.0.3 OK for: readable-stream@2.3.8 want: ~1.0.0
1878 silly placeDep node_modules/vscode-solidity-server process-nextick-args@2.0.1 OK for: readable-stream@2.3.8 want: ~2.0.0
1879 silly placeDep node_modules/vscode-solidity-server/node_modules/readable-stream safe-buffer@5.1.2 OK for: readable-stream@2.3.8 want: ~5.1.1
1880 silly placeDep node_modules/vscode-solidity-server string_decoder@1.1.1 OK for: readable-stream@2.3.8 want: ~1.1.1
1881 silly placeDep node_modules/vscode-solidity-server util-deprecate@1.0.2 OK for: readable-stream@2.3.8 want: ~1.0.1
1882 silly fetch manifest safe-buffer@~5.1.0
1883 silly packumentCache full:https://registry.npmjs.org/safe-buffer cache-hit
1884 silly placeDep node_modules/vscode-solidity-server is-equal-shallow@0.1.3 OK for: regex-cache@0.4.4 want: ^0.1.3
1885 silly fetch manifest is-primitive@^2.0.0
1886 silly packumentCache full:https://registry.npmjs.org/is-primitive cache-miss
1887 http fetch GET 200 https://registry.npmjs.org/is-primitive 345ms (cache revalidated)
1888 silly packumentCache full:https://registry.npmjs.org/is-primitive set size:15095 disposed:false
1889 silly placeDep node_modules/vscode-solidity-server is-primitive@2.0.0 OK for: is-equal-shallow@0.1.3 want: ^2.0.0
1890 silly placeDep node_modules/vscode-solidity-server mocha@4.1.0 OK for: solparse@2.2.8 want: ^4.0.1
1891 silly placeDep node_modules/vscode-solidity-server pegjs@0.10.0 OK for: solparse@2.2.8 want: ^0.10.0
1892 silly placeDep node_modules/vscode-solidity-server yargs@10.1.2 OK for: solparse@2.2.8 want: ^10.0.3
1893 silly fetch manifest he@1.1.1
1894 silly packumentCache full:https://registry.npmjs.org/he cache-miss
1895 silly fetch manifest diff@3.3.1
1896 silly packumentCache full:https://registry.npmjs.org/diff cache-hit
1897 silly fetch manifest glob@7.1.2
1898 silly packumentCache full:https://registry.npmjs.org/glob cache-hit
1899 silly fetch manifest debug@3.1.0
1900 silly packumentCache full:https://registry.npmjs.org/debug cache-hit
1901 silly fetch manifest growl@1.10.3
1902 silly packumentCache full:https://registry.npmjs.org/growl cache-miss
1903 silly fetch manifest mkdirp@0.5.1
1904 silly packumentCache full:https://registry.npmjs.org/mkdirp cache-miss
1905 silly fetch manifest commander@2.11.0
1906 silly packumentCache full:https://registry.npmjs.org/commander cache-hit
1907 silly fetch manifest browser-stdout@1.3.0
1908 silly packumentCache full:https://registry.npmjs.org/browser-stdout cache-miss
1909 silly fetch manifest supports-color@4.4.0
1910 silly packumentCache full:https://registry.npmjs.org/supports-color cache-hit
1911 silly fetch manifest y18n@^3.2.1
1912 silly packumentCache full:https://registry.npmjs.org/y18n cache-miss
1913 silly fetch manifest cliui@^4.0.0
1914 silly packumentCache full:https://registry.npmjs.org/cliui cache-miss
1915 silly fetch manifest find-up@^2.1.0
1916 silly packumentCache full:https://registry.npmjs.org/find-up cache-miss
1917 silly fetch manifest os-locale@^2.0.0
1918 silly packumentCache full:https://registry.npmjs.org/os-locale cache-miss
1919 silly fetch manifest decamelize@^1.1.1
1920 silly packumentCache full:https://registry.npmjs.org/decamelize cache-miss
1921 silly fetch manifest set-blocking@^2.0.0
1922 silly packumentCache full:https://registry.npmjs.org/set-blocking cache-miss
1923 silly fetch manifest string-width@^2.0.0
1924 silly packumentCache full:https://registry.npmjs.org/string-width cache-hit
1925 silly fetch manifest which-module@^2.0.0
1926 silly packumentCache full:https://registry.npmjs.org/which-module cache-miss
1927 http fetch GET 200 https://registry.npmjs.org/y18n 109ms (cache revalidated)
1928 silly packumentCache full:https://registry.npmjs.org/y18n set size:76155 disposed:false
1929 silly fetch manifest yargs-parser@^8.1.0
1930 silly packumentCache full:https://registry.npmjs.org/yargs-parser cache-miss
1931 http fetch GET 200 https://registry.npmjs.org/growl 142ms (cache revalidated)
1932 silly packumentCache full:https://registry.npmjs.org/growl set size:32222 disposed:false
1933 silly fetch manifest get-caller-file@^1.0.1
1934 silly packumentCache full:https://registry.npmjs.org/get-caller-file cache-miss
1935 http fetch GET 200 https://registry.npmjs.org/browser-stdout 145ms (cache revalidated)
1936 silly packumentCache full:https://registry.npmjs.org/browser-stdout set size:9832 disposed:false
1937 silly fetch manifest require-directory@^2.1.1
1938 silly packumentCache full:https://registry.npmjs.org/require-directory cache-miss
1939 http fetch GET 200 https://registry.npmjs.org/cliui 147ms (cache revalidated)
1940 silly packumentCache full:https://registry.npmjs.org/cliui set size:69089 disposed:false
1941 silly fetch manifest require-main-filename@^1.0.1
1942 silly packumentCache full:https://registry.npmjs.org/require-main-filename cache-miss
1943 http fetch GET 200 https://registry.npmjs.org/find-up 148ms (cache revalidated)
1944 silly packumentCache full:https://registry.npmjs.org/find-up set size:42620 disposed:false
1945 http fetch GET 200 https://registry.npmjs.org/set-blocking 148ms (cache revalidated)
1946 silly packumentCache full:https://registry.npmjs.org/set-blocking set size:5763 disposed:false
1947 http fetch GET 200 https://registry.npmjs.org/which-module 146ms (cache revalidated)
1948 silly packumentCache full:https://registry.npmjs.org/which-module set size:13898 disposed:false
1949 http fetch GET 200 https://registry.npmjs.org/require-main-filename 88ms (cache revalidated)
1950 silly packumentCache full:https://registry.npmjs.org/require-main-filename set size:7471 disposed:false
1951 http fetch GET 200 https://registry.npmjs.org/require-directory 95ms (cache revalidated)
1952 silly packumentCache full:https://registry.npmjs.org/require-directory set size:26866 disposed:false
1953 http fetch GET 200 https://registry.npmjs.org/get-caller-file 101ms (cache revalidated)
1954 silly packumentCache full:https://registry.npmjs.org/get-caller-file set size:26456 disposed:false
1955 http fetch GET 200 https://registry.npmjs.org/yargs-parser 131ms (cache revalidated)
1956 silly packumentCache full:https://registry.npmjs.org/yargs-parser set size:238630 disposed:false
1957 http fetch GET 200 https://registry.npmjs.org/decamelize 362ms (cache revalidated)
1958 silly packumentCache full:https://registry.npmjs.org/decamelize set size:34500 disposed:false
1959 http fetch GET 200 https://registry.npmjs.org/mkdirp 370ms (cache revalidated)
1960 silly packumentCache full:https://registry.npmjs.org/mkdirp set size:116455 disposed:false
1961 http fetch GET 200 https://registry.npmjs.org/he 378ms (cache revalidated)
1962 silly packumentCache full:https://registry.npmjs.org/he set size:58773 disposed:false
1963 http fetch GET 200 https://registry.npmjs.org/os-locale 375ms (cache revalidated)
1964 silly packumentCache full:https://registry.npmjs.org/os-locale set size:38670 disposed:false
1965 silly placeDep node_modules/vscode-solidity-server browser-stdout@1.3.0 OK for: mocha@4.1.0 want: 1.3.0
1966 silly placeDep node_modules/vscode-solidity-server/node_modules/mocha commander@2.11.0 OK for: mocha@4.1.0 want: 2.11.0
1967 silly placeDep node_modules/vscode-solidity-server/node_modules/mocha debug@3.1.0 OK for: mocha@4.1.0 want: 3.1.0
1968 silly placeDep node_modules/vscode-solidity-server/node_modules/mocha diff@3.3.1 OK for: mocha@4.1.0 want: 3.3.1
1969 silly placeDep node_modules/vscode-solidity-server/node_modules/mocha glob@7.1.2 OK for: mocha@4.1.0 want: 7.1.2
1970 silly placeDep node_modules/vscode-solidity-server growl@1.10.3 OK for: mocha@4.1.0 want: 1.10.3
1971 silly placeDep node_modules/vscode-solidity-server he@1.1.1 OK for: mocha@4.1.0 want: 1.1.1
1972 silly placeDep node_modules/vscode-solidity-server mkdirp@0.5.1 OK for: mocha@4.1.0 want: 0.5.1
1973 silly placeDep node_modules/vscode-solidity-server/node_modules/mocha supports-color@4.4.0 OK for: mocha@4.1.0 want: 4.4.0
1974 silly fetch manifest ms@2.0.0
1975 silly packumentCache full:https://registry.npmjs.org/ms cache-hit
1976 silly fetch manifest minimist@0.0.8
1977 silly packumentCache full:https://registry.npmjs.org/minimist cache-hit
1978 silly fetch manifest has-flag@^2.0.0
1979 silly packumentCache full:https://registry.npmjs.org/has-flag cache-hit
1980 silly placeDep node_modules/vscode-solidity-server/node_modules/mkdirp minimist@0.0.8 OK for: mkdirp@0.5.1 want: 0.0.8
1981 silly placeDep node_modules/vscode-solidity-server peggy@1.2.0 OK for: solparse-exp-jb@4.0.0 want: ^1.2.0
1982 silly placeDep node_modules/vscode-solidity-server/node_modules/string_decoder safe-buffer@5.1.2 OK for: string_decoder@1.1.1 want: ~5.1.0
1983 silly placeDep node_modules/vscode-solidity-server ansi-regex@5.0.1 OK for: strip-ansi@6.0.1 want: ^5.0.1
1984 silly placeDep node_modules/vscode-solidity-server has-flag@3.0.0 OK for: supports-color@5.5.0 want: ^3.0.0
1985 silly placeDep node_modules/vscode-solidity-server/node_modules/table ajv@8.17.1 OK for: table@6.9.0 want: ^8.0.1
1986 silly placeDep node_modules/vscode-solidity-server lodash.truncate@4.4.2 OK for: table@6.9.0 want: ^4.4.2
1987 silly placeDep node_modules/vscode-solidity-server slice-ansi@4.0.0 OK for: table@6.9.0 want: ^4.0.0
1988 silly placeDep node_modules/vscode-solidity-server string-width@4.2.3 OK for: table@6.9.0 want: ^4.2.3
1989 silly fetch manifest fast-uri@^3.0.1
1990 silly packumentCache full:https://registry.npmjs.org/fast-uri cache-miss
1991 silly fetch manifest require-from-string@^2.0.2
1992 silly packumentCache full:https://registry.npmjs.org/require-from-string cache-miss
1993 silly fetch manifest json-schema-traverse@^1.0.0
1994 silly packumentCache full:https://registry.npmjs.org/json-schema-traverse cache-hit
1995 silly fetch manifest ansi-styles@^4.0.0
1996 silly packumentCache full:https://registry.npmjs.org/ansi-styles cache-hit
1997 silly fetch manifest astral-regex@^2.0.0
1998 silly packumentCache full:https://registry.npmjs.org/astral-regex cache-miss
1999 silly fetch manifest is-fullwidth-code-point@^3.0.0
2000 silly packumentCache full:https://registry.npmjs.org/is-fullwidth-code-point cache-miss
2001 silly fetch manifest emoji-regex@^8.0.0
2002 silly packumentCache full:https://registry.npmjs.org/emoji-regex cache-miss
2003 silly fetch manifest is-fullwidth-code-point@^3.0.0
2004 silly packumentCache full:https://registry.npmjs.org/is-fullwidth-code-point cache-miss
2005 http cache https://registry.npmjs.org/fast-uri 22ms (cache hit)
2006 silly packumentCache full:https://registry.npmjs.org/fast-uri set size:61472 disposed:false
2007 http cache https://registry.npmjs.org/require-from-string 24ms (cache hit)
2008 silly packumentCache full:https://registry.npmjs.org/require-from-string set size:15128 disposed:false
2009 http fetch GET 200 https://registry.npmjs.org/is-fullwidth-code-point 85ms (cache revalidated)
2010 silly packumentCache full:https://registry.npmjs.org/is-fullwidth-code-point set size:14578 disposed:false
2011 http fetch GET 200 https://registry.npmjs.org/astral-regex 89ms (cache revalidated)
2012 silly packumentCache full:https://registry.npmjs.org/astral-regex set size:5602 disposed:false
2013 http fetch GET 200 https://registry.npmjs.org/is-fullwidth-code-point 89ms (cache revalidated)
2014 silly packumentCache full:https://registry.npmjs.org/is-fullwidth-code-point set size:14578 disposed:false
2015 silly packumentCache full:https://registry.npmjs.org/is-fullwidth-code-point dispose
2016 http fetch GET 200 https://registry.npmjs.org/emoji-regex 90ms (cache revalidated)
2017 silly packumentCache full:https://registry.npmjs.org/emoji-regex set size:87013 disposed:false
2018 silly placeDep node_modules/vscode-solidity-server/node_modules/slice-ansi ansi-styles@4.3.0 OK for: slice-ansi@4.0.0 want: ^4.0.0
2019 silly placeDep node_modules/vscode-solidity-server astral-regex@2.0.0 OK for: slice-ansi@4.0.0 want: ^2.0.0
2020 silly placeDep node_modules/vscode-solidity-server is-fullwidth-code-point@3.0.0 OK for: slice-ansi@4.0.0 want: ^3.0.0
2021 silly fetch manifest color-convert@^2.0.1
2022 silly packumentCache full:https://registry.npmjs.org/color-convert cache-hit
2023 silly placeDep node_modules/vscode-solidity-server emoji-regex@8.0.0 OK for: string-width@4.2.3 want: ^8.0.0
2024 silly placeDep node_modules/vscode-solidity-server chownr@1.1.4 OK for: tar-fs@2.1.4 want: ^1.1.1
2025 silly placeDep node_modules/vscode-solidity-server tar-stream@2.2.0 OK for: tar-fs@2.1.4 want: ^2.1.4
2026 silly fetch manifest bl@^4.0.3
2027 silly packumentCache full:https://registry.npmjs.org/bl cache-miss
2028 silly fetch manifest fs-constants@^1.0.0
2029 silly packumentCache full:https://registry.npmjs.org/fs-constants cache-miss
2030 silly fetch manifest readable-stream@^3.1.1
2031 silly packumentCache full:https://registry.npmjs.org/readable-stream cache-hit
2032 http fetch GET 200 https://registry.npmjs.org/fs-constants 80ms (cache revalidated)
2033 silly packumentCache full:https://registry.npmjs.org/fs-constants set size:3522 disposed:false
2034 http fetch GET 200 https://registry.npmjs.org/bl 82ms (cache revalidated)
2035 silly packumentCache full:https://registry.npmjs.org/bl set size:180259 disposed:false
2036 silly placeDep node_modules/vscode-solidity-server bl@4.1.0 OK for: tar-stream@2.2.0 want: ^4.0.3
2037 silly placeDep node_modules/vscode-solidity-server fs-constants@1.0.0 OK for: tar-stream@2.2.0 want: ^1.0.0
2038 silly placeDep node_modules/vscode-solidity-server/node_modules/tar-stream readable-stream@3.6.2 OK for: tar-stream@2.2.0 want: ^3.1.1
2039 silly fetch manifest buffer@^5.5.0
2040 silly packumentCache full:https://registry.npmjs.org/buffer cache-miss
2041 silly fetch manifest readable-stream@^3.4.0
2042 silly packumentCache full:https://registry.npmjs.org/readable-stream cache-hit
2043 http fetch GET 200 https://registry.npmjs.org/buffer 333ms (cache revalidated)
2044 silly packumentCache full:https://registry.npmjs.org/buffer set size:280480 disposed:false
2045 silly placeDep node_modules/vscode-solidity-server buffer@5.7.1 OK for: bl@4.1.0 want: ^5.5.0
2046 silly placeDep node_modules/vscode-solidity-server/node_modules/bl readable-stream@3.6.2 OK for: bl@4.1.0 want: ^3.4.0
2047 silly fetch manifest base64-js@^1.3.1
2048 silly packumentCache full:https://registry.npmjs.org/base64-js cache-miss
2049 silly fetch manifest ieee754@^1.1.13
2050 silly packumentCache full:https://registry.npmjs.org/ieee754 cache-miss
2051 http fetch GET 200 https://registry.npmjs.org/ieee754 69ms (cache revalidated)
2052 silly packumentCache full:https://registry.npmjs.org/ieee754 set size:34910 disposed:false
2053 http fetch GET 200 https://registry.npmjs.org/base64-js 72ms (cache revalidated)
2054 silly packumentCache full:https://registry.npmjs.org/base64-js set size:41270 disposed:false
2055 silly placeDep node_modules/vscode-solidity-server base64-js@1.5.1 OK for: buffer@5.7.1 want: ^1.3.1
2056 silly placeDep node_modules/vscode-solidity-server ieee754@1.2.1 OK for: buffer@5.7.1 want: ^1.1.13
2057 silly placeDep node_modules/vscode-solidity-server qs@6.14.0 OK for: typed-rest-client@1.8.11 want: ^6.9.1
2058 silly placeDep node_modules/vscode-solidity-server underscore@1.13.7 OK for: typed-rest-client@1.8.11 want: ^1.12.1
2059 silly fetch manifest side-channel@^1.1.0
2060 silly packumentCache full:https://registry.npmjs.org/side-channel cache-miss
2061 http fetch GET 200 https://registry.npmjs.org/side-channel 77ms (cache revalidated)
2062 silly packumentCache full:https://registry.npmjs.org/side-channel set size:24660 disposed:false
2063 silly placeDep node_modules/vscode-solidity-server side-channel@1.1.0 OK for: qs@6.14.0 want: ^1.1.0
2064 silly fetch manifest object-inspect@^1.13.3
2065 silly packumentCache full:https://registry.npmjs.org/object-inspect cache-miss
2066 silly fetch manifest side-channel-list@^1.0.0
2067 silly packumentCache full:https://registry.npmjs.org/side-channel-list cache-miss
2068 silly fetch manifest side-channel-map@^1.0.1
2069 silly packumentCache full:https://registry.npmjs.org/side-channel-map cache-miss
2070 silly fetch manifest side-channel-weakmap@^1.0.2
2071 silly packumentCache full:https://registry.npmjs.org/side-channel-weakmap cache-miss
2072 http fetch GET 200 https://registry.npmjs.org/side-channel-list 58ms (cache revalidated)
2073 silly packumentCache full:https://registry.npmjs.org/side-channel-list set size:6005 disposed:false
2074 http fetch GET 200 https://registry.npmjs.org/object-inspect 67ms (cache revalidated)
2075 silly packumentCache full:https://registry.npmjs.org/object-inspect set size:101912 disposed:false
2076 http fetch GET 200 https://registry.npmjs.org/side-channel-map 75ms (cache revalidated)
2077 silly packumentCache full:https://registry.npmjs.org/side-channel-map set size:9126 disposed:false
2078 http fetch GET 200 https://registry.npmjs.org/side-channel-weakmap 84ms (cache revalidated)
2079 silly packumentCache full:https://registry.npmjs.org/side-channel-weakmap set size:12620 disposed:false
2080 silly placeDep node_modules/vscode-solidity-server object-inspect@1.13.4 OK for: side-channel@1.1.0 want: ^1.13.3
2081 silly placeDep node_modules/vscode-solidity-server side-channel-list@1.0.0 OK for: side-channel@1.1.0 want: ^1.0.0
2082 silly placeDep node_modules/vscode-solidity-server side-channel-map@1.0.1 OK for: side-channel@1.1.0 want: ^1.0.1
2083 silly placeDep node_modules/vscode-solidity-server side-channel-weakmap@1.0.2 OK for: side-channel@1.1.0 want: ^1.0.2
2084 silly fetch manifest call-bound@^1.0.2
2085 silly packumentCache full:https://registry.npmjs.org/call-bound cache-miss
2086 silly fetch manifest call-bound@^1.0.2
2087 silly packumentCache full:https://registry.npmjs.org/call-bound cache-miss
2088 http fetch GET 200 https://registry.npmjs.org/call-bound 91ms (cache revalidated)
2089 silly packumentCache full:https://registry.npmjs.org/call-bound set size:15317 disposed:false
2090 http fetch GET 200 https://registry.npmjs.org/call-bound 600ms (cache revalidated)
2091 silly packumentCache full:https://registry.npmjs.org/call-bound set size:15317 disposed:false
2092 silly packumentCache full:https://registry.npmjs.org/call-bound dispose
2093 silly placeDep node_modules/vscode-solidity-server call-bound@1.0.4 OK for: side-channel-map@1.0.1 want: ^1.0.2
2094 silly placeDep node_modules/vscode-solidity-server punycode@2.3.1 OK for: uri-js@4.4.1 want: ^2.1.0
2095 silly placeDep node_modules/vscode-solidity-server/node_modules/vscode-languageclient minimatch@5.1.6 OK for: vscode-languageclient@8.1.0 want: ^5.1.0
2096 silly placeDep node_modules/vscode-solidity-server vscode-languageserver-protocol@3.17.3 OK for: vscode-languageclient@8.1.0 want: 3.17.3
2097 silly fetch manifest vscode-jsonrpc@8.1.0
2098 silly packumentCache full:https://registry.npmjs.org/vscode-jsonrpc cache-miss
2099 silly fetch manifest vscode-languageserver-types@3.17.3
2100 silly packumentCache full:https://registry.npmjs.org/vscode-languageserver-types cache-miss
2101 http cache https://registry.npmjs.org/vscode-jsonrpc 20ms (cache hit)
2102 silly packumentCache full:https://registry.npmjs.org/vscode-jsonrpc set size:376894 disposed:false
2103 http cache https://registry.npmjs.org/vscode-languageserver-types 30ms (cache hit)
2104 silly packumentCache full:https://registry.npmjs.org/vscode-languageserver-types set size:307546 disposed:false
2105 silly placeDep node_modules/vscode-solidity-server vscode-jsonrpc@8.1.0 OK for: vscode-languageserver-protocol@3.17.3 want: 8.1.0
2106 silly placeDep node_modules/vscode-solidity-server vscode-languageserver-types@3.17.3 OK for: vscode-languageserver-protocol@3.17.3 want: 3.17.3
2107 silly placeDep node_modules/vscode-solidity-server is-wsl@3.1.0 OK for: wsl-utils@0.1.0 want: ^3.1.0
2108 silly placeDep node_modules/vscode-solidity-server sax@1.4.1 OK for: xml2js@0.5.0 want: >=0.6.0
2109 silly placeDep node_modules/vscode-solidity-server xmlbuilder@11.0.1 OK for: xml2js@0.5.0 want: ~11.0.0
2110 silly placeDep node_modules/vscode-solidity-server cliui@4.1.0 OK for: yargs@10.1.2 want: ^4.0.0
2111 silly placeDep node_modules/vscode-solidity-server decamelize@1.2.0 OK for: yargs@10.1.2 want: ^1.1.1
2112 silly placeDep node_modules/vscode-solidity-server find-up@2.1.0 OK for: yargs@10.1.2 want: ^2.1.0
2113 silly placeDep node_modules/vscode-solidity-server get-caller-file@1.0.3 OK for: yargs@10.1.2 want: ^1.0.1
2114 silly placeDep node_modules/vscode-solidity-server os-locale@2.1.0 OK for: yargs@10.1.2 want: ^2.0.0
2115 silly placeDep node_modules/vscode-solidity-server require-directory@2.1.1 OK for: yargs@10.1.2 want: ^2.1.1
2116 silly placeDep node_modules/vscode-solidity-server require-main-filename@1.0.1 OK for: yargs@10.1.2 want: ^1.0.1
2117 silly placeDep node_modules/vscode-solidity-server set-blocking@2.0.0 OK for: yargs@10.1.2 want: ^2.0.0
2118 silly placeDep node_modules/vscode-solidity-server/node_modules/yargs string-width@2.1.1 OK for: yargs@10.1.2 want: ^2.0.0
2119 silly placeDep node_modules/vscode-solidity-server which-module@2.0.1 OK for: yargs@10.1.2 want: ^2.0.0
2120 silly placeDep node_modules/vscode-solidity-server y18n@3.2.2 OK for: yargs@10.1.2 want: ^3.2.1
2121 silly placeDep node_modules/vscode-solidity-server yargs-parser@8.1.0 OK for: yargs@10.1.2 want: ^8.1.0
2122 silly fetch manifest wrap-ansi@^2.0.0
2123 silly packumentCache full:https://registry.npmjs.org/wrap-ansi cache-miss
2124 silly fetch manifest strip-ansi@^4.0.0
2125 silly packumentCache full:https://registry.npmjs.org/strip-ansi cache-hit
2126 silly fetch manifest string-width@^2.1.1
2127 silly packumentCache full:https://registry.npmjs.org/string-width cache-hit
2128 silly fetch manifest locate-path@^2.0.0
2129 silly packumentCache full:https://registry.npmjs.org/locate-path cache-miss
2130 silly fetch manifest execa@^0.7.0
2131 silly packumentCache full:https://registry.npmjs.org/execa cache-miss
2132 silly fetch manifest lcid@^1.0.0
2133 silly packumentCache full:https://registry.npmjs.org/lcid cache-miss
2134 silly fetch manifest mem@^1.1.0
2135 silly packumentCache full:https://registry.npmjs.org/mem cache-miss
2136 silly fetch manifest strip-ansi@^4.0.0
2137 silly packumentCache full:https://registry.npmjs.org/strip-ansi cache-hit
2138 silly fetch manifest is-fullwidth-code-point@^2.0.0
2139 silly packumentCache full:https://registry.npmjs.org/is-fullwidth-code-point cache-hit
2140 silly fetch manifest camelcase@^4.1.0
2141 silly packumentCache full:https://registry.npmjs.org/camelcase cache-miss
2142 http fetch GET 200 https://registry.npmjs.org/execa 79ms (cache revalidated)
2143 silly packumentCache full:https://registry.npmjs.org/execa set size:177243 disposed:false
2144 http fetch GET 200 https://registry.npmjs.org/camelcase 84ms (cache revalidated)
2145 silly packumentCache full:https://registry.npmjs.org/camelcase set size:57059 disposed:false
2146 http fetch GET 200 https://registry.npmjs.org/wrap-ansi 99ms (cache revalidated)
2147 silly packumentCache full:https://registry.npmjs.org/wrap-ansi set size:51195 disposed:false
2148 http fetch GET 200 https://registry.npmjs.org/mem 321ms (cache revalidated)
2149 silly packumentCache full:https://registry.npmjs.org/mem set size:109940 disposed:false
2150 http fetch GET 200 https://registry.npmjs.org/locate-path 347ms (cache revalidated)
2151 silly packumentCache full:https://registry.npmjs.org/locate-path set size:31329 disposed:false
2152 http fetch GET 200 https://registry.npmjs.org/lcid 352ms (cache revalidated)
2153 silly packumentCache full:https://registry.npmjs.org/lcid set size:20804 disposed:false
2154 silly placeDep node_modules/vscode-solidity-server/node_modules/cliui string-width@2.1.1 OK for: cliui@4.1.0 want: ^2.1.1
2155 silly placeDep node_modules/vscode-solidity-server/node_modules/cliui strip-ansi@4.0.0 OK for: cliui@4.1.0 want: ^4.0.0
2156 silly placeDep node_modules/vscode-solidity-server wrap-ansi@2.1.0 OK for: cliui@4.1.0 want: ^2.0.0
2157 silly fetch manifest ansi-regex@^3.0.0
2158 silly packumentCache full:https://registry.npmjs.org/ansi-regex cache-hit
2159 silly fetch manifest strip-ansi@^3.0.1
2160 silly packumentCache full:https://registry.npmjs.org/strip-ansi cache-hit
2161 silly fetch manifest string-width@^1.0.1
2162 silly packumentCache full:https://registry.npmjs.org/string-width cache-hit
2163 silly placeDep node_modules/vscode-solidity-server locate-path@2.0.0 OK for: find-up@2.1.0 want: ^2.0.0
2164 silly fetch manifest p-locate@^2.0.0
2165 silly packumentCache full:https://registry.npmjs.org/p-locate cache-miss
2166 silly fetch manifest path-exists@^3.0.0
2167 silly packumentCache full:https://registry.npmjs.org/path-exists cache-miss
2168 http fetch GET 200 https://registry.npmjs.org/path-exists 58ms (cache revalidated)
2169 silly packumentCache full:https://registry.npmjs.org/path-exists set size:13704 disposed:false
2170 http fetch GET 200 https://registry.npmjs.org/p-locate 71ms (cache revalidated)
2171 silly packumentCache full:https://registry.npmjs.org/p-locate set size:20789 disposed:false
2172 silly placeDep node_modules/vscode-solidity-server p-locate@2.0.0 OK for: locate-path@2.0.0 want: ^2.0.0
2173 silly placeDep node_modules/vscode-solidity-server path-exists@3.0.0 OK for: locate-path@2.0.0 want: ^3.0.0
2174 silly fetch manifest p-limit@^1.1.0
2175 silly packumentCache full:https://registry.npmjs.org/p-limit cache-miss
2176 http fetch GET 200 https://registry.npmjs.org/p-limit 88ms (cache revalidated)
2177 silly packumentCache full:https://registry.npmjs.org/p-limit set size:56611 disposed:false
2178 silly placeDep node_modules/vscode-solidity-server execa@0.7.0 OK for: os-locale@2.1.0 want: ^0.7.0
2179 silly placeDep node_modules/vscode-solidity-server lcid@1.0.0 OK for: os-locale@2.1.0 want: ^1.0.0
2180 silly placeDep node_modules/vscode-solidity-server mem@1.1.0 OK for: os-locale@2.1.0 want: ^1.1.0
2181 silly fetch manifest is-stream@^1.1.0
2182 silly packumentCache full:https://registry.npmjs.org/is-stream cache-miss
2183 silly fetch manifest p-finally@^1.0.0
2184 silly packumentCache full:https://registry.npmjs.org/p-finally cache-miss
2185 silly fetch manifest strip-eof@^1.0.0
2186 silly packumentCache full:https://registry.npmjs.org/strip-eof cache-miss
2187 silly fetch manifest get-stream@^3.0.0
2188 silly packumentCache full:https://registry.npmjs.org/get-stream cache-hit
2189 silly fetch manifest cross-spawn@^5.0.1
2190 silly packumentCache full:https://registry.npmjs.org/cross-spawn cache-miss
2191 silly fetch manifest signal-exit@^3.0.0
2192 silly packumentCache full:https://registry.npmjs.org/signal-exit cache-miss
2193 silly fetch manifest npm-run-path@^2.0.0
2194 silly packumentCache full:https://registry.npmjs.org/npm-run-path cache-miss
2195 silly fetch manifest invert-kv@^1.0.0
2196 silly packumentCache full:https://registry.npmjs.org/invert-kv cache-miss
2197 silly fetch manifest mimic-fn@^1.0.0
2198 silly packumentCache full:https://registry.npmjs.org/mimic-fn cache-miss
2199 http fetch GET 200 https://registry.npmjs.org/is-stream 64ms (cache revalidated)
2200 silly packumentCache full:https://registry.npmjs.org/is-stream set size:18582 disposed:false
2201 http fetch GET 200 https://registry.npmjs.org/p-finally 72ms (cache revalidated)
2202 silly packumentCache full:https://registry.npmjs.org/p-finally set size:11668 disposed:false
2203 http fetch GET 200 https://registry.npmjs.org/cross-spawn 73ms (cache revalidated)
2204 silly packumentCache full:https://registry.npmjs.org/cross-spawn set size:109066 disposed:false
2205 http fetch GET 200 https://registry.npmjs.org/signal-exit 76ms (cache revalidated)
2206 silly packumentCache full:https://registry.npmjs.org/signal-exit set size:53489 disposed:false
2207 http fetch GET 200 https://registry.npmjs.org/invert-kv 79ms (cache revalidated)
2208 silly packumentCache full:https://registry.npmjs.org/invert-kv set size:18789 disposed:false
2209 http fetch GET 200 https://registry.npmjs.org/strip-eof 94ms (cache revalidated)
2210 silly packumentCache full:https://registry.npmjs.org/strip-eof set size:5510 disposed:false
2211 http fetch GET 200 https://registry.npmjs.org/npm-run-path 330ms (cache revalidated)
2212 silly packumentCache full:https://registry.npmjs.org/npm-run-path set size:33596 disposed:false
2213 http fetch GET 200 https://registry.npmjs.org/mimic-fn 338ms (cache revalidated)
2214 silly packumentCache full:https://registry.npmjs.org/mimic-fn set size:22257 disposed:false
2215 silly placeDep node_modules/vscode-solidity-server cross-spawn@5.1.0 OK for: execa@0.7.0 want: ^5.0.1
2216 silly placeDep node_modules/vscode-solidity-server/node_modules/execa get-stream@3.0.0 OK for: execa@0.7.0 want: ^3.0.0
2217 silly placeDep node_modules/vscode-solidity-server is-stream@1.1.0 OK for: execa@0.7.0 want: ^1.1.0
2218 silly placeDep node_modules/vscode-solidity-server npm-run-path@2.0.2 OK for: execa@0.7.0 want: ^2.0.0
2219 silly placeDep node_modules/vscode-solidity-server p-finally@1.0.0 OK for: execa@0.7.0 want: ^1.0.0
2220 silly placeDep node_modules/vscode-solidity-server signal-exit@3.0.7 OK for: execa@0.7.0 want: ^3.0.0
2221 silly placeDep node_modules/vscode-solidity-server strip-eof@1.0.0 OK for: execa@0.7.0 want: ^1.0.0
2222 silly fetch manifest which@^1.2.9
2223 silly packumentCache full:https://registry.npmjs.org/which cache-miss
2224 silly fetch manifest lru-cache@^4.0.1
2225 silly packumentCache full:https://registry.npmjs.org/lru-cache cache-hit
2226 silly fetch manifest shebang-command@^1.2.0
2227 silly packumentCache full:https://registry.npmjs.org/shebang-command cache-miss
2228 silly fetch manifest path-key@^2.0.0
2229 silly packumentCache full:https://registry.npmjs.org/path-key cache-miss
2230 http fetch GET 200 https://registry.npmjs.org/path-key 74ms (cache revalidated)
2231 silly packumentCache full:https://registry.npmjs.org/path-key set size:16975 disposed:false
2232 http fetch GET 200 https://registry.npmjs.org/which 313ms (cache revalidated)
2233 silly packumentCache full:https://registry.npmjs.org/which set size:62722 disposed:false
2234 http fetch GET 200 https://registry.npmjs.org/shebang-command 320ms (cache revalidated)
2235 silly packumentCache full:https://registry.npmjs.org/shebang-command set size:8525 disposed:false
2236 silly placeDep node_modules/vscode-solidity-server/node_modules/cross-spawn lru-cache@4.1.5 OK for: cross-spawn@5.1.0 want: ^4.0.1
2237 silly placeDep node_modules/vscode-solidity-server shebang-command@1.2.0 OK for: cross-spawn@5.1.0 want: ^1.2.0
2238 silly placeDep node_modules/vscode-solidity-server which@1.3.1 OK for: cross-spawn@5.1.0 want: ^1.2.9
2239 silly fetch manifest yallist@^2.1.2
2240 silly packumentCache full:https://registry.npmjs.org/yallist cache-hit
2241 silly fetch manifest pseudomap@^1.0.2
2242 silly packumentCache full:https://registry.npmjs.org/pseudomap cache-miss
2243 silly fetch manifest shebang-regex@^1.0.0
2244 silly packumentCache full:https://registry.npmjs.org/shebang-regex cache-miss
2245 silly fetch manifest isexe@^2.0.0
2246 silly packumentCache full:https://registry.npmjs.org/isexe cache-miss
2247 http fetch GET 200 https://registry.npmjs.org/shebang-regex 93ms (cache revalidated)
2248 silly packumentCache full:https://registry.npmjs.org/shebang-regex set size:9763 disposed:false
2249 http fetch GET 200 https://registry.npmjs.org/isexe 380ms (cache revalidated)
2250 silly packumentCache full:https://registry.npmjs.org/isexe set size:19340 disposed:false
2251 http fetch GET 200 https://registry.npmjs.org/pseudomap 585ms (cache revalidated)
2252 silly packumentCache full:https://registry.npmjs.org/pseudomap set size:7129 disposed:false
2253 silly placeDep node_modules/vscode-solidity-server invert-kv@1.0.0 OK for: lcid@1.0.0 want: ^1.0.0
2254 silly placeDep node_modules/vscode-solidity-server mimic-fn@1.2.0 OK for: mem@1.1.0 want: ^1.0.0
2255 silly placeDep node_modules/vscode-solidity-server path-key@2.0.1 OK for: npm-run-path@2.0.2 want: ^2.0.0
2256 silly placeDep node_modules/vscode-solidity-server p-limit@1.3.0 OK for: p-locate@2.0.0 want: ^1.1.0
2257 silly fetch manifest p-try@^1.0.0
2258 silly packumentCache full:https://registry.npmjs.org/p-try cache-miss
2259 http fetch GET 200 https://registry.npmjs.org/p-try 99ms (cache revalidated)
2260 silly packumentCache full:https://registry.npmjs.org/p-try set size:13014 disposed:false
2261 silly placeDep node_modules/vscode-solidity-server p-try@1.0.0 OK for: p-limit@1.3.0 want: ^1.0.0
2262 silly placeDep node_modules/vscode-solidity-server shebang-regex@1.0.0 OK for: shebang-command@1.2.0 want: ^1.0.0
2263 silly placeDep node_modules/vscode-solidity-server isexe@2.0.0 OK for: which@1.3.1 want: ^2.0.0
2264 silly placeDep node_modules/vscode-solidity-server/node_modules/wrap-ansi string-width@1.0.2 OK for: wrap-ansi@2.1.0 want: ^1.0.1
2265 silly placeDep node_modules/vscode-solidity-server/node_modules/wrap-ansi strip-ansi@3.0.1 OK for: wrap-ansi@2.1.0 want: ^3.0.1
2266 silly fetch manifest strip-ansi@^3.0.0
2267 silly packumentCache full:https://registry.npmjs.org/strip-ansi cache-hit
2268 silly fetch manifest code-point-at@^1.0.0
2269 silly packumentCache full:https://registry.npmjs.org/code-point-at cache-miss
2270 silly fetch manifest is-fullwidth-code-point@^1.0.0
2271 silly packumentCache full:https://registry.npmjs.org/is-fullwidth-code-point cache-hit
2272 silly fetch manifest ansi-regex@^2.0.0
2273 silly packumentCache full:https://registry.npmjs.org/ansi-regex cache-hit
2274 http fetch GET 200 https://registry.npmjs.org/code-point-at 97ms (cache revalidated)
2275 silly packumentCache full:https://registry.npmjs.org/code-point-at set size:8688 disposed:false
2276 silly placeDep node_modules/vscode-solidity-server camelcase@4.1.0 OK for: yargs-parser@8.1.0 want: ^4.1.0
2277 silly placeDep node_modules/vscode-solidity-server buffer-crc32@0.2.13 OK for: yauzl@2.10.0 want: ~0.2.3
2278 silly placeDep node_modules/vscode-solidity-server fd-slicer@1.1.0 OK for: yauzl@2.10.0 want: ~1.1.0
2279 silly fetch manifest pend@~1.2.0
2280 silly packumentCache full:https://registry.npmjs.org/pend cache-miss
2281 http fetch GET 200 https://registry.npmjs.org/pend 85ms (cache revalidated)
2282 silly packumentCache full:https://registry.npmjs.org/pend set size:8066 disposed:false
2283 silly placeDep node_modules/vscode-solidity-server pend@1.2.0 OK for: fd-slicer@1.1.0 want: ~1.2.0
2284 silly placeDep node_modules/vscode-solidity-server/node_modules/better-ajv-errors ansi-styles@4.3.0 OK for: chalk@4.1.2 want: ^4.1.0
2285 silly placeDep node_modules/vscode-solidity-server/node_modules/better-ajv-errors supports-color@7.2.0 OK for: chalk@4.1.2 want: ^7.1.0
2286 silly fetch manifest has-flag@^4.0.0
2287 silly packumentCache full:https://registry.npmjs.org/has-flag cache-hit
2288 silly placeDep node_modules/vscode-solidity-server/node_modules/better-ajv-errors color-convert@2.0.1 OK for: ansi-styles@4.3.0 want: ^2.0.1
2289 silly fetch manifest color-name@~1.1.4
2290 silly packumentCache full:https://registry.npmjs.org/color-name cache-hit
2291 silly placeDep node_modules/vscode-solidity-server/node_modules/better-ajv-errors color-name@1.1.4 OK for: color-convert@2.0.1 want: ~1.1.4
2292 silly placeDep node_modules/vscode-solidity-server/node_modules/better-ajv-errors has-flag@4.0.0 OK for: supports-color@7.2.0 want: ^4.0.0
2293 silly placeDep node_modules/vscode-solidity-server/node_modules/cliui is-fullwidth-code-point@2.0.0 OK for: string-width@2.1.1 want: ^2.0.0
2294 silly placeDep node_modules/vscode-solidity-server/node_modules/cliui ansi-regex@3.0.1 OK for: strip-ansi@4.0.0 want: ^3.0.0
2295 silly placeDep node_modules/vscode-solidity-server pseudomap@1.0.2 OK for: lru-cache@4.1.5 want: ^1.0.2
2296 silly placeDep node_modules/vscode-solidity-server/node_modules/cross-spawn yallist@2.1.2 OK for: lru-cache@4.1.5 want: ^2.1.2
2297 silly placeDep node_modules/vscode-solidity-server/node_modules/glob brace-expansion@2.0.2 OK for: minimatch@5.1.6 want: ^2.0.1
2298 silly placeDep node_modules/vscode-solidity-server/node_modules/mocha ms@2.0.0 OK for: debug@3.1.0 want: 2.0.0
2299 silly placeDep node_modules/vscode-solidity-server/node_modules/mocha has-flag@2.0.0 OK for: supports-color@4.4.0 want: ^2.0.0
2300 silly placeDep node_modules/vscode-solidity-server/node_modules/readdirp arr-diff@4.0.0 OK for: micromatch@3.1.10 want: ^4.0.0
2301 silly placeDep node_modules/vscode-solidity-server/node_modules/readdirp array-unique@0.3.2 OK for: micromatch@3.1.10 want: ^0.3.2
2302 silly placeDep node_modules/vscode-solidity-server/node_modules/readdirp braces@2.3.2 OK for: micromatch@3.1.10 want: ^2.3.1
2303 silly placeDep node_modules/vscode-solidity-server define-property@2.0.2 OK for: micromatch@3.1.10 want: ^2.0.2
2304 silly placeDep node_modules/vscode-solidity-server extend-shallow@3.0.2 OK for: micromatch@3.1.10 want: ^3.0.2
2305 silly placeDep node_modules/vscode-solidity-server/node_modules/readdirp extglob@2.0.4 OK for: micromatch@3.1.10 want: ^2.0.4
2306 silly placeDep node_modules/vscode-solidity-server fragment-cache@0.2.1 OK for: micromatch@3.1.10 want: ^0.2.1
2307 silly placeDep node_modules/vscode-solidity-server/node_modules/readdirp kind-of@6.0.3 OK for: micromatch@3.1.10 want: ^6.0.2
2308 silly placeDep node_modules/vscode-solidity-server nanomatch@1.2.13 OK for: micromatch@3.1.10 want: ^1.2.9
2309 silly placeDep node_modules/vscode-solidity-server object.pick@1.3.0 OK for: micromatch@3.1.10 want: ^1.3.0
2310 silly placeDep node_modules/vscode-solidity-server regex-not@1.0.2 OK for: micromatch@3.1.10 want: ^1.0.0
2311 silly placeDep node_modules/vscode-solidity-server snapdragon@0.8.2 OK for: micromatch@3.1.10 want: ^0.8.1
2312 silly placeDep node_modules/vscode-solidity-server to-regex@3.0.2 OK for: micromatch@3.1.10 want: ^3.0.2
2313 silly fetch manifest isobject@^3.0.1
2314 silly packumentCache full:https://registry.npmjs.org/isobject cache-hit
2315 silly fetch manifest to-regex@^3.0.1
2316 silly packumentCache full:https://registry.npmjs.org/to-regex cache-hit
2317 silly fetch manifest fill-range@^4.0.0
2318 silly packumentCache full:https://registry.npmjs.org/fill-range cache-hit
2319 silly fetch manifest split-string@^3.0.2
2320 silly packumentCache full:https://registry.npmjs.org/split-string cache-miss
2321 silly fetch manifest extend-shallow@^2.0.1
2322 silly packumentCache full:https://registry.npmjs.org/extend-shallow cache-hit
2323 silly fetch manifest snapdragon-node@^2.0.1
2324 silly packumentCache full:https://registry.npmjs.org/snapdragon-node cache-miss
2325 silly fetch manifest is-descriptor@^1.0.2
2326 silly packumentCache full:https://registry.npmjs.org/is-descriptor cache-miss
2327 silly fetch manifest isobject@^3.0.1
2328 silly packumentCache full:https://registry.npmjs.org/isobject cache-hit
2329 silly fetch manifest assign-symbols@^1.0.0
2330 silly packumentCache full:https://registry.npmjs.org/assign-symbols cache-miss
2331 silly fetch manifest is-extendable@^1.0.1
2332 silly packumentCache full:https://registry.npmjs.org/is-extendable cache-hit
2333 silly fetch manifest define-property@^1.0.0
2334 silly packumentCache full:https://registry.npmjs.org/define-property cache-hit
2335 silly fetch manifest expand-brackets@^2.1.4
2336 silly packumentCache full:https://registry.npmjs.org/expand-brackets cache-hit
2337 silly fetch manifest map-cache@^0.2.2
2338 silly packumentCache full:https://registry.npmjs.org/map-cache cache-miss
2339 silly fetch manifest is-windows@^1.0.2
2340 silly packumentCache full:https://registry.npmjs.org/is-windows cache-miss
2341 silly fetch manifest safe-regex@^1.1.0
2342 silly packumentCache full:https://registry.npmjs.org/safe-regex cache-miss
2343 silly fetch manifest base@^0.11.1
2344 silly packumentCache full:https://registry.npmjs.org/base cache-miss
2345 silly fetch manifest debug@^2.2.0
2346 silly packumentCache full:https://registry.npmjs.org/debug cache-hit
2347 silly fetch manifest define-property@^0.2.5
2348 silly packumentCache full:https://registry.npmjs.org/define-property cache-hit
2349 silly fetch manifest map-cache@^0.2.2
2350 silly packumentCache full:https://registry.npmjs.org/map-cache cache-miss
2351 silly fetch manifest source-map@^0.5.6
2352 silly packumentCache full:https://registry.npmjs.org/source-map cache-miss
2353 silly fetch manifest source-map-resolve@^0.5.0
2354 silly packumentCache full:https://registry.npmjs.org/source-map-resolve cache-miss
2355 http fetch GET 200 https://registry.npmjs.org/snapdragon-node 98ms (cache revalidated)
2356 silly packumentCache full:https://registry.npmjs.org/snapdragon-node set size:44521 disposed:false
2357 silly fetch manifest use@^3.1.0
2358 silly packumentCache full:https://registry.npmjs.org/use cache-miss
2359 http fetch GET 200 https://registry.npmjs.org/split-string 102ms (cache revalidated)
2360 silly packumentCache full:https://registry.npmjs.org/split-string set size:49946 disposed:false
2361 silly fetch manifest safe-regex@^1.1.0
2362 silly packumentCache full:https://registry.npmjs.org/safe-regex cache-miss
2363 http fetch GET 200 https://registry.npmjs.org/source-map 94ms (cache revalidated)
2364 silly packumentCache full:https://registry.npmjs.org/source-map set size:226090 disposed:false
2365 http fetch GET 200 https://registry.npmjs.org/map-cache 100ms (cache revalidated)
2366 silly packumentCache full:https://registry.npmjs.org/map-cache set size:12262 disposed:false
2367 http fetch GET 200 https://registry.npmjs.org/is-windows 109ms (cache revalidated)
2368 silly packumentCache full:https://registry.npmjs.org/is-windows set size:16884 disposed:false
2369 http fetch GET 200 https://registry.npmjs.org/use 82ms (cache revalidated)
2370 silly packumentCache full:https://registry.npmjs.org/use set size:27538 disposed:false
2371 http fetch GET 200 https://registry.npmjs.org/safe-regex 84ms (cache revalidated)
2372 silly packumentCache full:https://registry.npmjs.org/safe-regex set size:23826 disposed:false
2373 http fetch GET 200 https://registry.npmjs.org/base 332ms (cache revalidated)
2374 silly packumentCache full:https://registry.npmjs.org/base set size:127216 disposed:false
2375 http fetch GET 200 https://registry.npmjs.org/assign-symbols 347ms (cache revalidated)
2376 silly packumentCache full:https://registry.npmjs.org/assign-symbols set size:20540 disposed:false
2377 http fetch GET 200 https://registry.npmjs.org/safe-regex 347ms (cache revalidated)
2378 silly packumentCache full:https://registry.npmjs.org/safe-regex set size:23826 disposed:false
2379 silly packumentCache full:https://registry.npmjs.org/safe-regex dispose
2380 http fetch GET 200 https://registry.npmjs.org/source-map-resolve 592ms (cache revalidated)
2381 silly packumentCache full:https://registry.npmjs.org/source-map-resolve set size:39406 disposed:false
2382 http fetch GET 200 https://registry.npmjs.org/is-descriptor 613ms (cache revalidated)
2383 silly packumentCache full:https://registry.npmjs.org/is-descriptor set size:53752 disposed:false
2384 http fetch GET 200 https://registry.npmjs.org/map-cache 856ms (cache revalidated)
2385 silly packumentCache full:https://registry.npmjs.org/map-cache set size:12262 disposed:false
2386 silly packumentCache full:https://registry.npmjs.org/map-cache dispose
2387 silly placeDep node_modules/vscode-solidity-server is-descriptor@1.0.3 OK for: define-property@2.0.2 want: ^1.0.2
2388 silly placeDep node_modules/vscode-solidity-server/node_modules/define-property isobject@3.0.1 OK for: define-property@2.0.2 want: ^3.0.1
2389 silly fetch manifest is-accessor-descriptor@^1.0.1
2390 silly packumentCache full:https://registry.npmjs.org/is-accessor-descriptor cache-miss
2391 silly fetch manifest is-data-descriptor@^1.0.1
2392 silly packumentCache full:https://registry.npmjs.org/is-data-descriptor cache-miss
2393 http fetch GET 200 https://registry.npmjs.org/is-data-descriptor 73ms (cache revalidated)
2394 silly packumentCache full:https://registry.npmjs.org/is-data-descriptor set size:46177 disposed:false
2395 http fetch GET 200 https://registry.npmjs.org/is-accessor-descriptor 83ms (cache revalidated)
2396 silly packumentCache full:https://registry.npmjs.org/is-accessor-descriptor set size:52080 disposed:false
2397 silly placeDep node_modules/vscode-solidity-server assign-symbols@1.0.0 OK for: extend-shallow@3.0.2 want: ^1.0.0
2398 silly placeDep node_modules/vscode-solidity-server/node_modules/extend-shallow is-extendable@1.0.1 OK for: extend-shallow@3.0.2 want: ^1.0.1
2399 silly fetch manifest is-plain-object@^2.0.4
2400 silly packumentCache full:https://registry.npmjs.org/is-plain-object cache-miss
2401 http fetch GET 200 https://registry.npmjs.org/is-plain-object 73ms (cache revalidated)
2402 silly packumentCache full:https://registry.npmjs.org/is-plain-object set size:47016 disposed:false
2403 silly placeDep node_modules/vscode-solidity-server map-cache@0.2.2 OK for: fragment-cache@0.2.1 want: ^0.2.2
2404 silly placeDep node_modules/vscode-solidity-server is-accessor-descriptor@1.0.1 OK for: is-descriptor@1.0.3 want: ^1.0.1
2405 silly placeDep node_modules/vscode-solidity-server is-data-descriptor@1.0.1 OK for: is-descriptor@1.0.3 want: ^1.0.1
2406 silly placeDep node_modules/vscode-solidity-server/node_modules/nanomatch arr-diff@4.0.0 OK for: nanomatch@1.2.13 want: ^4.0.0
2407 silly placeDep node_modules/vscode-solidity-server/node_modules/nanomatch array-unique@0.3.2 OK for: nanomatch@1.2.13 want: ^0.3.2
2408 silly placeDep node_modules/vscode-solidity-server is-windows@1.0.2 OK for: nanomatch@1.2.13 want: ^1.0.2
2409 silly placeDep node_modules/vscode-solidity-server/node_modules/nanomatch kind-of@6.0.3 OK for: nanomatch@1.2.13 want: ^6.0.2
2410 silly placeDep node_modules/vscode-solidity-server/node_modules/object.pick isobject@3.0.1 OK for: object.pick@1.3.0 want: ^3.0.1
2411 silly placeDep node_modules/vscode-solidity-server safe-regex@1.1.0 OK for: regex-not@1.0.2 want: ^1.1.0
2412 silly fetch manifest ret@~0.1.10
2413 silly packumentCache full:https://registry.npmjs.org/ret cache-miss
2414 http fetch GET 200 https://registry.npmjs.org/ret 54ms (cache revalidated)
2415 silly packumentCache full:https://registry.npmjs.org/ret set size:59258 disposed:false
2416 silly placeDep node_modules/vscode-solidity-server ret@0.1.15 OK for: safe-regex@1.1.0 want: ~0.1.10
2417 silly placeDep node_modules/vscode-solidity-server base@0.11.2 OK for: snapdragon@0.8.2 want: ^0.11.1
2418 silly placeDep node_modules/vscode-solidity-server/node_modules/snapdragon debug@2.6.9 OK for: snapdragon@0.8.2 want: ^2.2.0
2419 silly placeDep node_modules/vscode-solidity-server/node_modules/snapdragon define-property@0.2.5 OK for: snapdragon@0.8.2 want: ^0.2.5
2420 silly placeDep node_modules/vscode-solidity-server/node_modules/snapdragon extend-shallow@2.0.1 OK for: snapdragon@0.8.2 want: ^2.0.1
2421 silly placeDep node_modules/vscode-solidity-server source-map@0.5.7 OK for: snapdragon@0.8.2 want: ^0.5.6
2422 silly placeDep node_modules/vscode-solidity-server source-map-resolve@0.5.3 OK for: snapdragon@0.8.2 want: ^0.5.0
2423 silly placeDep node_modules/vscode-solidity-server use@3.1.1 OK for: snapdragon@0.8.2 want: ^3.1.0
2424 silly fetch manifest cache-base@^1.0.1
2425 silly packumentCache full:https://registry.npmjs.org/cache-base cache-miss
2426 silly fetch manifest class-utils@^0.3.5
2427 silly packumentCache full:https://registry.npmjs.org/class-utils cache-miss
2428 silly fetch manifest component-emitter@^1.2.1
2429 silly packumentCache full:https://registry.npmjs.org/component-emitter cache-miss
2430 silly fetch manifest mixin-deep@^1.2.0
2431 silly packumentCache full:https://registry.npmjs.org/mixin-deep cache-miss
2432 silly fetch manifest pascalcase@^0.1.1
2433 silly packumentCache full:https://registry.npmjs.org/pascalcase cache-miss
2434 silly fetch manifest is-descriptor@^0.1.0
2435 silly packumentCache full:https://registry.npmjs.org/is-descriptor cache-hit
2436 silly fetch manifest atob@^2.1.2
2437 silly packumentCache full:https://registry.npmjs.org/atob cache-miss
2438 silly fetch manifest decode-uri-component@^0.2.0
2439 silly packumentCache full:https://registry.npmjs.org/decode-uri-component cache-miss
2440 silly fetch manifest resolve-url@^0.2.1
2441 silly packumentCache full:https://registry.npmjs.org/resolve-url cache-miss
2442 silly fetch manifest source-map-url@^0.4.0
2443 silly packumentCache full:https://registry.npmjs.org/source-map-url cache-miss
2444 silly fetch manifest urix@^0.1.0
2445 silly packumentCache full:https://registry.npmjs.org/urix cache-miss
2446 http fetch GET 200 https://registry.npmjs.org/source-map-url 105ms (cache revalidated)
2447 silly packumentCache full:https://registry.npmjs.org/source-map-url set size:12423 disposed:false
2448 http fetch GET 200 https://registry.npmjs.org/class-utils 115ms (cache revalidated)
2449 silly packumentCache full:https://registry.npmjs.org/class-utils set size:37066 disposed:false
2450 http fetch GET 200 https://registry.npmjs.org/resolve-url 113ms (cache revalidated)
2451 silly packumentCache full:https://registry.npmjs.org/resolve-url set size:7770 disposed:false
2452 http fetch GET 200 https://registry.npmjs.org/cache-base 117ms (cache revalidated)
2453 silly packumentCache full:https://registry.npmjs.org/cache-base set size:61773 disposed:false
2454 http fetch GET 200 https://registry.npmjs.org/urix 117ms (cache revalidated)
2455 silly packumentCache full:https://registry.npmjs.org/urix set size:2824 disposed:false
2456 http fetch GET 200 https://registry.npmjs.org/mixin-deep 121ms (cache revalidated)
2457 silly packumentCache full:https://registry.npmjs.org/mixin-deep set size:31607 disposed:false
2458 http fetch GET 200 https://registry.npmjs.org/atob 124ms (cache revalidated)
2459 silly packumentCache full:https://registry.npmjs.org/atob set size:18312 disposed:false
2460 http fetch GET 200 https://registry.npmjs.org/pascalcase 126ms (cache revalidated)
2461 silly packumentCache full:https://registry.npmjs.org/pascalcase set size:14593 disposed:false
2462 http fetch GET 200 https://registry.npmjs.org/component-emitter 369ms (cache revalidated)
2463 silly packumentCache full:https://registry.npmjs.org/component-emitter set size:23328 disposed:false
2464 http fetch GET 200 https://registry.npmjs.org/decode-uri-component 384ms (cache revalidated)
2465 silly packumentCache full:https://registry.npmjs.org/decode-uri-component set size:20325 disposed:false
2466 silly placeDep node_modules/vscode-solidity-server cache-base@1.0.1 OK for: base@0.11.2 want: ^1.0.1
2467 silly placeDep node_modules/vscode-solidity-server class-utils@0.3.6 OK for: base@0.11.2 want: ^0.3.5
2468 silly placeDep node_modules/vscode-solidity-server component-emitter@1.3.1 OK for: base@0.11.2 want: ^1.2.1
2469 silly placeDep node_modules/vscode-solidity-server/node_modules/base define-property@1.0.0 OK for: base@0.11.2 want: ^1.0.0
2470 silly placeDep node_modules/vscode-solidity-server/node_modules/base isobject@3.0.1 OK for: base@0.11.2 want: ^3.0.1
2471 silly placeDep node_modules/vscode-solidity-server mixin-deep@1.3.2 OK for: base@0.11.2 want: ^1.2.0
2472 silly placeDep node_modules/vscode-solidity-server pascalcase@0.1.1 OK for: base@0.11.2 want: ^0.1.1
2473 silly fetch manifest collection-visit@^1.0.0
2474 silly packumentCache full:https://registry.npmjs.org/collection-visit cache-miss
2475 silly fetch manifest get-value@^2.0.6
2476 silly packumentCache full:https://registry.npmjs.org/get-value cache-miss
2477 silly fetch manifest has-value@^1.0.0
2478 silly packumentCache full:https://registry.npmjs.org/has-value cache-miss
2479 silly fetch manifest set-value@^2.0.0
2480 silly packumentCache full:https://registry.npmjs.org/set-value cache-miss
2481 silly fetch manifest to-object-path@^0.3.0
2482 silly packumentCache full:https://registry.npmjs.org/to-object-path cache-miss
2483 silly fetch manifest union-value@^1.0.0
2484 silly packumentCache full:https://registry.npmjs.org/union-value cache-miss
2485 silly fetch manifest unset-value@^1.0.0
2486 silly packumentCache full:https://registry.npmjs.org/unset-value cache-miss
2487 silly fetch manifest arr-union@^3.1.0
2488 silly packumentCache full:https://registry.npmjs.org/arr-union cache-miss
2489 silly fetch manifest isobject@^3.0.0
2490 silly packumentCache full:https://registry.npmjs.org/isobject cache-hit
2491 silly fetch manifest static-extend@^0.1.1
2492 silly packumentCache full:https://registry.npmjs.org/static-extend cache-miss
2493 http fetch GET 200 https://registry.npmjs.org/union-value 76ms (cache revalidated)
2494 silly packumentCache full:https://registry.npmjs.org/union-value set size:28380 disposed:false
2495 http fetch GET 200 https://registry.npmjs.org/get-value 78ms (cache revalidated)
2496 silly packumentCache full:https://registry.npmjs.org/get-value set size:75317 disposed:false
2497 http fetch GET 200 https://registry.npmjs.org/arr-union 96ms (cache revalidated)
2498 silly packumentCache full:https://registry.npmjs.org/arr-union set size:14780 disposed:false
2499 http fetch GET 200 https://registry.npmjs.org/static-extend 98ms (cache revalidated)
2500 silly packumentCache full:https://registry.npmjs.org/static-extend set size:10199 disposed:false
2501 http fetch GET 200 https://registry.npmjs.org/to-object-path 103ms (cache revalidated)
2502 silly packumentCache full:https://registry.npmjs.org/to-object-path set size:7884 disposed:false
2503 http fetch GET 200 https://registry.npmjs.org/collection-visit 106ms (cache revalidated)
2504 silly packumentCache full:https://registry.npmjs.org/collection-visit set size:16200 disposed:false
2505 http fetch GET 200 https://registry.npmjs.org/set-value 327ms (cache revalidated)
2506 silly packumentCache full:https://registry.npmjs.org/set-value set size:83447 disposed:false
2507 http fetch GET 200 https://registry.npmjs.org/has-value 356ms (cache revalidated)
2508 silly packumentCache full:https://registry.npmjs.org/has-value set size:26861 disposed:false
2509 http fetch GET 200 https://registry.npmjs.org/unset-value 595ms (cache revalidated)
2510 silly packumentCache full:https://registry.npmjs.org/unset-value set size:20922 disposed:false
2511 silly placeDep node_modules/vscode-solidity-server collection-visit@1.0.0 OK for: cache-base@1.0.1 want: ^1.0.0
2512 silly placeDep node_modules/vscode-solidity-server get-value@2.0.6 OK for: cache-base@1.0.1 want: ^2.0.6
2513 silly placeDep node_modules/vscode-solidity-server has-value@1.0.0 OK for: cache-base@1.0.1 want: ^1.0.0
2514 silly placeDep node_modules/vscode-solidity-server/node_modules/cache-base isobject@3.0.1 OK for: cache-base@1.0.1 want: ^3.0.1
2515 silly placeDep node_modules/vscode-solidity-server set-value@2.0.1 OK for: cache-base@1.0.1 want: ^2.0.0
2516 silly placeDep node_modules/vscode-solidity-server to-object-path@0.3.0 OK for: cache-base@1.0.1 want: ^0.3.0
2517 silly placeDep node_modules/vscode-solidity-server union-value@1.0.1 OK for: cache-base@1.0.1 want: ^1.0.0
2518 silly placeDep node_modules/vscode-solidity-server unset-value@1.0.0 OK for: cache-base@1.0.1 want: ^1.0.0
2519 silly fetch manifest map-visit@^1.0.0
2520 silly packumentCache full:https://registry.npmjs.org/map-visit cache-miss
2521 silly fetch manifest object-visit@^1.0.0
2522 silly packumentCache full:https://registry.npmjs.org/object-visit cache-miss
2523 silly fetch manifest has-values@^1.0.0
2524 silly packumentCache full:https://registry.npmjs.org/has-values cache-miss
2525 silly fetch manifest is-plain-object@^2.0.3
2526 silly packumentCache full:https://registry.npmjs.org/is-plain-object cache-hit
2527 silly fetch manifest split-string@^3.0.1
2528 silly packumentCache full:https://registry.npmjs.org/split-string cache-hit
2529 silly fetch manifest has-value@^0.3.1
2530 silly packumentCache full:https://registry.npmjs.org/has-value cache-hit
2531 http fetch GET 200 https://registry.npmjs.org/object-visit 62ms (cache revalidated)
2532 silly packumentCache full:https://registry.npmjs.org/object-visit set size:21342 disposed:false
2533 http fetch GET 200 https://registry.npmjs.org/map-visit 67ms (cache revalidated)
2534 silly packumentCache full:https://registry.npmjs.org/map-visit set size:18217 disposed:false
2535 http fetch GET 200 https://registry.npmjs.org/has-values 314ms (cache revalidated)
2536 silly packumentCache full:https://registry.npmjs.org/has-values set size:20840 disposed:false
2537 silly placeDep node_modules/vscode-solidity-server arr-union@3.1.0 OK for: class-utils@0.3.6 want: ^3.1.0
2538 silly placeDep node_modules/vscode-solidity-server/node_modules/class-utils define-property@0.2.5 OK for: class-utils@0.3.6 want: ^0.2.5
2539 silly placeDep node_modules/vscode-solidity-server/node_modules/class-utils isobject@3.0.1 OK for: class-utils@0.3.6 want: ^3.0.0
2540 silly placeDep node_modules/vscode-solidity-server static-extend@0.1.2 OK for: class-utils@0.3.6 want: ^0.1.1
2541 silly fetch manifest object-copy@^0.1.0
2542 silly packumentCache full:https://registry.npmjs.org/object-copy cache-miss
2543 http fetch GET 200 https://registry.npmjs.org/object-copy 65ms (cache revalidated)
2544 silly packumentCache full:https://registry.npmjs.org/object-copy set size:7646 disposed:false
2545 silly placeDep node_modules/vscode-solidity-server map-visit@1.0.0 OK for: collection-visit@1.0.0 want: ^1.0.0
2546 silly placeDep node_modules/vscode-solidity-server object-visit@1.0.1 OK for: collection-visit@1.0.0 want: ^1.0.0
2547 silly placeDep node_modules/vscode-solidity-server has-values@1.0.0 OK for: has-value@1.0.0 want: ^1.0.0
2548 silly placeDep node_modules/vscode-solidity-server/node_modules/has-value isobject@3.0.1 OK for: has-value@1.0.0 want: ^3.0.0
2549 silly fetch manifest is-number@^3.0.0
2550 silly packumentCache full:https://registry.npmjs.org/is-number cache-hit
2551 silly fetch manifest kind-of@^4.0.0
2552 silly packumentCache full:https://registry.npmjs.org/kind-of cache-hit
2553 silly placeDep node_modules/vscode-solidity-server/node_modules/has-values is-number@3.0.0 OK for: has-values@1.0.0 want: ^3.0.0
2554 silly placeDep node_modules/vscode-solidity-server/node_modules/has-values kind-of@4.0.0 OK for: has-values@1.0.0 want: ^4.0.0
2555 silly placeDep node_modules/vscode-solidity-server/node_modules/mixin-deep is-extendable@1.0.1 OK for: mixin-deep@1.3.2 want: ^1.0.1
2556 silly placeDep node_modules/vscode-solidity-server/node_modules/object-visit isobject@3.0.1 OK for: object-visit@1.0.1 want: ^3.0.0
2557 silly placeDep node_modules/vscode-solidity-server/node_modules/set-value extend-shallow@2.0.1 OK for: set-value@2.0.1 want: ^2.0.1
2558 silly placeDep node_modules/vscode-solidity-server is-plain-object@2.0.4 OK for: set-value@2.0.1 want: ^2.0.3
2559 silly placeDep node_modules/vscode-solidity-server split-string@3.1.0 OK for: set-value@2.0.1 want: ^3.0.1
2560 silly placeDep node_modules/vscode-solidity-server/node_modules/is-plain-object isobject@3.0.1 OK for: is-plain-object@2.0.4 want: ^3.0.1
2561 silly placeDep node_modules/vscode-solidity-server atob@2.1.2 OK for: source-map-resolve@0.5.3 want: ^2.1.2
2562 silly placeDep node_modules/vscode-solidity-server decode-uri-component@0.2.2 OK for: source-map-resolve@0.5.3 want: ^0.2.0
2563 silly placeDep node_modules/vscode-solidity-server resolve-url@0.2.1 OK for: source-map-resolve@0.5.3 want: ^0.2.1
2564 silly placeDep node_modules/vscode-solidity-server source-map-url@0.4.1 OK for: source-map-resolve@0.5.3 want: ^0.4.0
2565 silly placeDep node_modules/vscode-solidity-server urix@0.1.0 OK for: source-map-resolve@0.5.3 want: ^0.1.0
2566 silly placeDep node_modules/vscode-solidity-server/node_modules/static-extend define-property@0.2.5 OK for: static-extend@0.1.2 want: ^0.2.5
2567 silly placeDep node_modules/vscode-solidity-server object-copy@0.1.0 OK for: static-extend@0.1.2 want: ^0.1.0
2568 silly fetch manifest copy-descriptor@^0.1.0
2569 silly packumentCache full:https://registry.npmjs.org/copy-descriptor cache-miss
2570 http fetch GET 200 https://registry.npmjs.org/copy-descriptor 98ms (cache revalidated)
2571 silly packumentCache full:https://registry.npmjs.org/copy-descriptor set size:8643 disposed:false
2572 silly placeDep node_modules/vscode-solidity-server copy-descriptor@0.1.1 OK for: object-copy@0.1.0 want: ^0.1.0
2573 silly placeDep node_modules/vscode-solidity-server/node_modules/object-copy define-property@0.2.5 OK for: object-copy@0.1.0 want: ^0.2.5
2574 silly placeDep node_modules/vscode-solidity-server/node_modules/unset-value has-value@0.3.1 OK for: unset-value@1.0.0 want: ^0.3.1
2575 silly placeDep node_modules/vscode-solidity-server/node_modules/unset-value isobject@3.0.1 OK for: unset-value@1.0.0 want: ^3.0.0
2576 silly fetch manifest has-values@^0.1.4
2577 silly packumentCache full:https://registry.npmjs.org/has-values cache-hit
2578 silly placeDep node_modules/vscode-solidity-server/node_modules/class-utils is-descriptor@0.1.7 OK for: define-property@0.2.5 want: ^0.1.0
2579 silly placeDep node_modules/vscode-solidity-server/node_modules/has-values/node_modules/is-number kind-of@3.2.2 OK for: is-number@3.0.0 want: ^3.0.2
2580 silly placeDep node_modules/vscode-solidity-server/node_modules/object-copy is-descriptor@0.1.7 OK for: define-property@0.2.5 want: ^0.1.0
2581 silly placeDep node_modules/vscode-solidity-server/node_modules/readdirp/node_modules/braces extend-shallow@2.0.1 OK for: braces@2.3.2 want: ^2.0.1
2582 silly placeDep node_modules/vscode-solidity-server/node_modules/readdirp fill-range@4.0.0 OK for: braces@2.3.2 want: ^4.0.0
2583 silly placeDep node_modules/vscode-solidity-server/node_modules/readdirp isobject@3.0.1 OK for: braces@2.3.2 want: ^3.0.1
2584 silly placeDep node_modules/vscode-solidity-server snapdragon-node@2.1.1 OK for: braces@2.3.2 want: ^2.0.1
2585 silly fetch manifest to-regex-range@^2.1.0
2586 silly packumentCache full:https://registry.npmjs.org/to-regex-range cache-miss
2587 silly fetch manifest snapdragon-util@^3.0.1
2588 silly packumentCache full:https://registry.npmjs.org/snapdragon-util cache-miss
2589 http fetch GET 200 https://registry.npmjs.org/to-regex-range 60ms (cache revalidated)
2590 silly packumentCache full:https://registry.npmjs.org/to-regex-range set size:61569 disposed:false
2591 http fetch GET 200 https://registry.npmjs.org/snapdragon-util 86ms (cache revalidated)
2592 silly packumentCache full:https://registry.npmjs.org/snapdragon-util set size:58927 disposed:false
2593 silly placeDep node_modules/vscode-solidity-server/node_modules/snapdragon-node define-property@1.0.0 OK for: snapdragon-node@2.1.1 want: ^1.0.0
2594 silly placeDep node_modules/vscode-solidity-server/node_modules/snapdragon-node isobject@3.0.1 OK for: snapdragon-node@2.1.1 want: ^3.0.0
2595 silly placeDep node_modules/vscode-solidity-server snapdragon-util@3.0.1 OK for: snapdragon-node@2.1.1 want: ^3.0.1
2596 silly placeDep node_modules/vscode-solidity-server/node_modules/readdirp/node_modules/extglob define-property@1.0.0 OK for: extglob@2.0.4 want: ^1.0.0
2597 silly placeDep node_modules/vscode-solidity-server/node_modules/readdirp expand-brackets@2.1.4 OK for: extglob@2.0.4 want: ^2.1.4
2598 silly placeDep node_modules/vscode-solidity-server/node_modules/readdirp/node_modules/extglob extend-shallow@2.0.1 OK for: extglob@2.0.4 want: ^2.0.1
2599 silly fetch manifest debug@^2.3.3
2600 silly packumentCache full:https://registry.npmjs.org/debug cache-hit
2601 silly fetch manifest posix-character-classes@^0.1.0
2602 silly packumentCache full:https://registry.npmjs.org/posix-character-classes cache-miss
2603 http fetch GET 200 https://registry.npmjs.org/posix-character-classes 74ms (cache revalidated)
2604 silly packumentCache full:https://registry.npmjs.org/posix-character-classes set size:10918 disposed:false
2605 silly placeDep node_modules/vscode-solidity-server/node_modules/readdirp debug@2.6.9 OK for: expand-brackets@2.1.4 want: ^2.3.3
2606 silly placeDep node_modules/vscode-solidity-server/node_modules/readdirp/node_modules/expand-brackets define-property@0.2.5 OK for: expand-brackets@2.1.4 want: ^0.2.5
2607 silly placeDep node_modules/vscode-solidity-server/node_modules/readdirp/node_modules/expand-brackets extend-shallow@2.0.1 OK for: expand-brackets@2.1.4 want: ^2.0.1
2608 silly placeDep node_modules/vscode-solidity-server posix-character-classes@0.1.1 OK for: expand-brackets@2.1.4 want: ^0.1.0
2609 silly placeDep node_modules/vscode-solidity-server/node_modules/readdirp ms@2.0.0 OK for: debug@2.6.9 want: 2.0.0
2610 silly placeDep node_modules/vscode-solidity-server/node_modules/readdirp/node_modules/fill-range extend-shallow@2.0.1 OK for: fill-range@4.0.0 want: ^2.0.1
2611 silly placeDep node_modules/vscode-solidity-server/node_modules/readdirp is-number@3.0.0 OK for: fill-range@4.0.0 want: ^3.0.0
2612 silly placeDep node_modules/vscode-solidity-server to-regex-range@2.1.1 OK for: fill-range@4.0.0 want: ^2.1.0
2613 silly placeDep node_modules/vscode-solidity-server/node_modules/to-regex-range is-number@3.0.0 OK for: to-regex-range@2.1.1 want: ^3.0.0
2614 silly placeDep node_modules/vscode-solidity-server/node_modules/readdirp/node_modules/is-number kind-of@3.2.2 OK for: is-number@3.0.0 want: ^3.0.2
2615 silly placeDep node_modules/vscode-solidity-server/node_modules/slice-ansi color-convert@2.0.1 OK for: ansi-styles@4.3.0 want: ^2.0.1
2616 silly placeDep node_modules/vscode-solidity-server/node_modules/slice-ansi color-name@1.1.4 OK for: color-convert@2.0.1 want: ~1.1.4
2617 silly placeDep node_modules/vscode-solidity-server/node_modules/snapdragon ms@2.0.0 OK for: debug@2.6.9 want: 2.0.0
2618 silly placeDep node_modules/vscode-solidity-server/node_modules/snapdragon is-descriptor@0.1.7 OK for: define-property@0.2.5 want: ^0.1.0
2619 silly placeDep node_modules/vscode-solidity-server os-tmpdir@1.0.2 OK for: tmp@0.0.33 want: ~1.0.2
2620 silly placeDep node_modules/vscode-solidity-server/node_modules/solhint ansi-styles@4.3.0 OK for: chalk@4.1.2 want: ^4.1.0
2621 silly placeDep node_modules/vscode-solidity-server/node_modules/solhint supports-color@7.2.0 OK for: chalk@4.1.2 want: ^7.1.0
2622 silly placeDep node_modules/vscode-solidity-server/node_modules/solhint color-convert@2.0.1 OK for: ansi-styles@4.3.0 want: ^2.0.1
2623 silly placeDep node_modules/vscode-solidity-server/node_modules/solhint color-name@1.1.4 OK for: color-convert@2.0.1 want: ~1.1.4
2624 silly placeDep node_modules/vscode-solidity-server/node_modules/solhint jsonfile@6.2.0 OK for: fs-extra@11.3.2 want: ^6.0.1
2625 silly placeDep node_modules/vscode-solidity-server/node_modules/solhint universalify@2.0.1 OK for: fs-extra@11.3.2 want: ^2.0.0
2626 silly placeDep node_modules/vscode-solidity-server/node_modules/solhint has-flag@4.0.0 OK for: supports-color@7.2.0 want: ^4.0.0
2627 silly placeDep node_modules/vscode-solidity-server co@4.6.0 OK for: ajv@5.5.2 want: ^4.6.0
2628 silly placeDep node_modules/vscode-solidity-server/node_modules/solium fast-deep-equal@1.1.0 OK for: ajv@5.5.2 want: ^1.0.0
2629 silly placeDep node_modules/vscode-solidity-server/node_modules/solium json-schema-traverse@0.3.1 OK for: ajv@5.5.2 want: ^0.3.0
2630 silly placeDep node_modules/vscode-solidity-server/node_modules/static-extend is-descriptor@0.1.7 OK for: define-property@0.2.5 want: ^0.1.0
2631 silly placeDep node_modules/vscode-solidity-server fast-uri@3.1.0 OK for: ajv@8.17.1 want: ^3.0.1
2632 silly placeDep node_modules/vscode-solidity-server/node_modules/table json-schema-traverse@1.0.0 OK for: ajv@8.17.1 want: ^1.0.0
2633 silly placeDep node_modules/vscode-solidity-server require-from-string@2.0.2 OK for: ajv@8.17.1 want: ^2.0.2
2634 silly placeDep node_modules/vscode-solidity-server/node_modules/unset-value has-values@0.1.4 OK for: has-value@0.3.1 want: ^0.1.4
2635 silly placeDep node_modules/vscode-solidity-server/node_modules/unset-value/node_modules/has-value isobject@2.1.0 OK for: has-value@0.3.1 want: ^2.0.0
2636 silly placeDep node_modules/vscode-solidity-server/node_modules/vscode-languageclient brace-expansion@2.0.2 OK for: minimatch@5.1.6 want: ^2.0.1
2637 silly placeDep node_modules/vscode-solidity-server code-point-at@1.1.0 OK for: string-width@1.0.2 want: ^1.0.0
2638 silly placeDep node_modules/vscode-solidity-server/node_modules/wrap-ansi is-fullwidth-code-point@1.0.0 OK for: string-width@1.0.2 want: ^1.0.0
2639 silly fetch manifest number-is-nan@^1.0.0
2640 silly packumentCache full:https://registry.npmjs.org/number-is-nan cache-miss
2641 http fetch GET 200 https://registry.npmjs.org/number-is-nan 82ms (cache revalidated)
2642 silly packumentCache full:https://registry.npmjs.org/number-is-nan set size:9822 disposed:false
2643 silly placeDep node_modules/vscode-solidity-server number-is-nan@1.0.1 OK for: is-fullwidth-code-point@1.0.0 want: ^1.0.0
2644 silly placeDep node_modules/vscode-solidity-server/node_modules/wrap-ansi ansi-regex@2.1.1 OK for: strip-ansi@3.0.1 want: ^2.0.0
2645 silly placeDep node_modules/vscode-solidity-server/node_modules/yargs is-fullwidth-code-point@2.0.0 OK for: string-width@2.1.1 want: ^2.0.0
2646 silly placeDep node_modules/vscode-solidity-server/node_modules/yargs strip-ansi@4.0.0 OK for: string-width@2.1.1 want: ^4.0.0
2647 silly placeDep node_modules/vscode-solidity-server/node_modules/yargs ansi-regex@3.0.1 OK for: strip-ansi@4.0.0 want: ^3.0.0
2648 silly placeDep node_modules/vscode-solidity-server/node_modules/readdirp/node_modules/expand-brackets is-descriptor@0.1.7 OK for: define-property@0.2.5 want: ^0.1.0
2649 silly reify moves {}
2650 silly audit bulk request {
2650 silly audit   'vscode-solidity-server': [ '0.0.185' ],
2650 silly audit   '@iarna/toml': [ '2.2.5' ],
2650 silly audit   '@vscode/vsce': [ '2.32.0' ],
2650 silly audit   axios: [ '1.12.2' ],
2650 silly audit   'fs-extra': [ '4.0.3', '5.0.0', '11.3.2' ],
2650 silly audit   glob: [ '8.1.0', '7.2.3', '7.1.2' ],
2650 silly audit   'nethereum-codegen': [ '3.0.4', '1.0.29' ],
2650 silly audit   prettier: [ '3.6.2', '2.8.8' ],
2650 silly audit   'prettier-plugin-solidity': [ '1.4.3' ],
2650 silly audit   solc: [ '0.8.30' ],
2650 silly audit   solhint: [ '5.2.0' ],
2650 silly audit   solium: [ '1.2.5' ],
2650 silly audit   'solparse-exp-jb': [ '4.0.0' ],
2650 silly audit   'vscode-languageclient': [ '8.1.0' ],
2650 silly audit   'vscode-languageserver': [ '8.1.0' ],
2650 silly audit   'vscode-languageserver-textdocument': [ '1.0.12' ],
2650 silly audit   'vscode-uri': [ '3.0.2' ],
2650 silly audit   'yaml-js': [ '0.2.3' ],
2650 silly audit   '@azure/identity': [ '4.12.0' ],
2650 silly audit   '@vscode/vsce-sign': [ '2.0.7' ],
2650 silly audit   'azure-devops-node-api': [ '12.5.0' ],
2650 silly audit   chalk: [ '2.4.2', '4.1.2' ],
2650 silly audit   cheerio: [ '1.1.2' ],
2650 silly audit   cockatiel: [ '3.2.1' ],
2650 silly audit   commander: [ '6.2.1', '8.3.0', '10.0.1', '2.20.3', '2.11.0' ],
2650 silly audit   'form-data': [ '4.0.4' ],
2650 silly audit   'hosted-git-info': [ '4.1.0' ],
2650 silly audit   'jsonc-parser': [ '3.3.1' ],
2650 silly audit   keytar: [ '7.9.0' ],
2650 silly audit   leven: [ '3.1.0' ],
2650 silly audit   'markdown-it': [ '12.3.2' ],
2650 silly audit   mime: [ '1.6.0' ],
2650 silly audit   minimatch: [ '3.1.2', '5.1.6' ],
2650 silly audit   'parse-semver': [ '1.1.1' ],
2650 silly audit   read: [ '1.0.7' ],
2650 silly audit   semver: [ '7.7.2', '5.7.2' ],
2650 silly audit   tmp: [ '0.2.5', '0.0.33' ],
2650 silly audit   'typed-rest-client': [ '1.8.11' ],
2650 silly audit   'url-join': [ '4.0.1' ],
2650 silly audit   xml2js: [ '0.5.0' ],
2650 silly audit   yauzl: [ '2.10.0' ],
2650 silly audit   yazl: [ '2.5.1' ],
2650 silly audit   '@azure/abort-controller': [ '2.1.2' ],
2650 silly audit   '@azure/core-auth': [ '1.10.1' ],
2650 silly audit   '@azure/core-client': [ '1.10.1' ],
2650 silly audit   '@azure/core-rest-pipeline': [ '1.22.1' ],
2650 silly audit   '@azure/core-tracing': [ '1.3.1' ],
2650 silly audit   '@azure/core-util': [ '1.13.1' ],
2650 silly audit   '@azure/logger': [ '1.3.0' ],
2650 silly audit   '@azure/msal-browser': [ '4.24.0' ],
2650 silly audit   '@azure/msal-node': [ '3.8.0' ],
2650 silly audit   open: [ '10.2.0' ],
2650 silly audit   tslib: [ '2.8.1' ],
2650 silly audit   '@typespec/ts-http-runtime': [ '0.3.1' ],
2650 silly audit   '@azure/msal-common': [ '15.13.0' ],
2650 silly audit   jsonwebtoken: [ '9.0.2' ],
2650 silly audit   uuid: [ '8.3.2' ],
2650 silly audit   'http-proxy-agent': [ '7.0.2' ],
2650 silly audit   'https-proxy-agent': [ '7.0.6' ],
2650 silly audit   '@vscode/vsce-sign-alpine-arm64': [ '2.0.6' ],
2650 silly audit   '@vscode/vsce-sign-alpine-x64': [ '2.0.6' ],
2650 silly audit   '@vscode/vsce-sign-darwin-arm64': [ '2.0.6' ],
2650 silly audit   '@vscode/vsce-sign-darwin-x64': [ '2.0.6' ],
2650 silly audit   '@vscode/vsce-sign-linux-arm': [ '2.0.6' ],
2650 silly audit   '@vscode/vsce-sign-linux-arm64': [ '2.0.6' ],
2650 silly audit   '@vscode/vsce-sign-linux-x64': [ '2.0.6' ],
2650 silly audit   '@vscode/vsce-sign-win32-arm64': [ '2.0.6' ],
2650 silly audit   '@vscode/vsce-sign-win32-x64': [ '2.0.6' ],
2650 silly audit   'follow-redirects': [ '1.15.11' ],
2650 silly audit   'proxy-from-env': [ '1.1.0' ],
2650 silly audit   tunnel: [ '0.0.6' ],
2650 silly audit   'ansi-styles': [ '3.2.1', '4.3.0' ],
2650 silly audit   'escape-string-regexp': [ '1.0.5' ],
2650 silly audit   'supports-color': [ '5.5.0', '4.4.0', '7.2.0' ],
2650 silly audit   'color-convert': [ '1.9.3', '2.0.1' ],
2650 silly audit   'cheerio-select': [ '2.1.0' ],
2650 silly audit   'dom-serializer': [ '2.0.0' ],
2650 silly audit   domhandler: [ '5.0.3' ],
2650 silly audit   domutils: [ '3.2.2' ],
2650 silly audit   'encoding-sniffer': [ '0.2.1' ],
2650 silly audit   htmlparser2: [ '10.0.0' ],
2650 silly audit   parse5: [ '7.3.0' ],
2650 silly audit   'parse5-htmlparser2-tree-adapter': [ '7.1.0' ],
2650 silly audit   'parse5-parser-stream': [ '7.1.2' ],
2650 silly audit   undici: [ '7.16.0' ],
2650 silly audit   'whatwg-mimetype': [ '4.0.0' ],
2650 silly audit   boolbase: [ '1.0.0' ],
2650 silly audit   'css-select': [ '5.2.2' ],
2650 silly audit   'css-what': [ '6.2.2' ],
2650 silly audit   domelementtype: [ '2.3.0' ],
2650 silly audit   'color-name': [ '1.1.3', '1.1.4' ],
2650 silly audit   'nth-check': [ '2.1.1' ],
2650 silly audit   entities: [ '4.5.0', '6.0.1', '2.1.0' ],
2650 silly audit   'iconv-lite': [ '0.6.3' ],
2650 silly audit   'whatwg-encoding': [ '3.1.1' ],
2650 silly audit   asynckit: [ '0.4.0' ],
2650 silly audit   'combined-stream': [ '1.0.8' ],
2650 silly audit   'es-set-tostringtag': [ '2.1.0' ],
2650 silly audit   hasown: [ '2.0.2' ],
2650 silly audit   'mime-types': [ '2.1.35' ],
2650 silly audit   'delayed-stream': [ '1.0.0' ],
2650 silly audit   'es-errors': [ '1.3.0' ],
2650 silly audit   'get-intrinsic': [ '1.3.0' ],
2650 silly audit   'has-tostringtag': [ '1.0.2' ],
2650 silly audit   'graceful-fs': [ '4.2.11', '4.2.10' ],
2650 silly audit   jsonfile: [ '4.0.0', '6.2.0' ],
2650 silly audit   universalify: [ '0.1.2', '2.0.1' ],
2650 silly audit   'call-bind-apply-helpers': [ '1.0.2' ],
2650 silly audit   'es-define-property': [ '1.0.1' ],
2650 silly audit   'es-object-atoms': [ '1.1.1' ],
2650 silly audit   'function-bind': [ '1.1.2' ],
2650 silly audit   'get-proto': [ '1.0.1' ],
2650 silly audit   gopd: [ '1.2.0' ],
2650 silly audit   'has-symbols': [ '1.1.0' ],
2650 silly audit   'math-intrinsics': [ '1.1.0' ],
2650 silly audit   'dunder-proto': [ '1.0.1' ],
2650 silly audit   'fs.realpath': [ '1.0.0' ],
2650 silly audit   inflight: [ '1.0.6' ],
2650 silly audit   inherits: [ '2.0.4' ],
2650 silly audit   once: [ '1.4.0' ],
2650 silly audit   'lru-cache': [ '6.0.0', '4.1.5' ],
2650 silly audit   'agent-base': [ '7.1.4' ],
2650 silly audit   debug: [ '4.4.3', '3.1.0', '2.6.9' ],
2650 silly audit   ms: [ '2.1.3', '2.0.0' ],
2650 silly audit   'safer-buffer': [ '2.1.2' ],
2650 silly audit   wrappy: [ '1.0.2' ],
2650 silly audit   jws: [ '3.2.2' ],
2650 silly audit   'lodash.includes': [ '4.3.0' ],
2650 silly audit   'lodash.isboolean': [ '3.0.3' ],
2650 silly audit   'lodash.isinteger': [ '4.0.4' ],
2650 silly audit   'lodash.isnumber': [ '3.0.3' ],
2650 silly audit   'lodash.isplainobject': [ '4.0.6' ],
2650 silly audit   'lodash.isstring': [ '4.0.1' ],
2650 silly audit   'lodash.once': [ '4.1.1' ],
2650 silly audit   jwa: [ '1.4.2' ],
2650 silly audit   'safe-buffer': [ '5.2.1', '5.1.2' ],
2650 silly audit   'buffer-equal-constant-time': [ '1.0.1' ],
2650 silly audit   'ecdsa-sig-formatter': [ '1.0.11' ],
2650 silly audit   'node-addon-api': [ '4.3.0' ],
2650 silly audit   'prebuild-install': [ '7.1.3' ],
2650 silly audit   yallist: [ '4.0.0', '2.1.2' ],
2650 silly audit   argparse: [ '2.0.1' ],
2650 silly audit   'linkify-it': [ '3.0.3' ],
2650 silly audit   mdurl: [ '1.0.1' ],
2650 silly audit   'uc.micro': [ '1.0.6' ],
2650 silly audit   'mime-db': [ '1.52.0' ],
2650 silly audit   'brace-expansion': [ '1.1.12', '2.0.2' ],
2650 silly audit   'balanced-match': [ '1.0.2' ],
2650 silly audit   'concat-map': [ '0.0.1' ],
2650 silly audit   'default-browser': [ '5.2.1' ],
2650 silly audit   'define-lazy-prop': [ '3.0.0' ],
2650 silly audit   'is-inside-container': [ '1.0.0' ],
2650 silly audit   'wsl-utils': [ '0.1.0' ],
2650 silly audit   'bundle-name': [ '4.1.0' ],
2650 silly audit   'default-browser-id': [ '5.0.0' ],
2650 silly audit   'run-applescript': [ '7.1.0' ],
2650 silly audit   'is-docker': [ '3.0.0' ],
2650 silly audit   'detect-libc': [ '2.1.1' ],
2650 silly audit   'expand-template': [ '2.0.3' ],
2650 silly audit   'github-from-package': [ '0.0.0' ],
2650 silly audit   minimist: [ '1.2.8', '0.0.8' ],
2650 silly audit   'mkdirp-classic': [ '0.5.3' ],
2650 silly audit   'napi-build-utils': [ '2.0.0' ],
2650 silly audit   'node-abi': [ '3.77.0' ],
2650 silly audit   pump: [ '3.0.3' ],
2650 silly audit   rc: [ '1.2.8' ],
2650 silly audit   'simple-get': [ '4.0.1' ],
2650 silly audit   'tar-fs': [ '2.1.4' ],
2650 silly audit   'tunnel-agent': [ '0.6.0' ],
2650 silly audit   '@solidity-parser/parser': [ '0.20.2' ],
2650 silly audit   'end-of-stream': [ '1.4.5' ],
2650 silly audit   'deep-extend': [ '0.6.0' ],
2650 silly audit   ini: [ '1.3.8' ],
2650 silly audit   'strip-json-comments': [ '2.0.1' ],
2650 silly audit   'mute-stream': [ '0.0.8' ],
2650 silly audit   'decompress-response': [ '6.0.0' ],
2650 silly audit   'simple-concat': [ '1.0.1' ],
2650 silly audit   'mimic-response': [ '3.1.0', '4.0.0' ],
2650 silly audit   'command-exists': [ '1.2.9' ],
2650 silly audit   'js-sha3': [ '0.8.0' ],
2650 silly audit   memorystream: [ '0.3.1' ],
2650 silly audit   ajv: [ '6.12.6', '5.5.2', '8.17.1' ],
2650 silly audit   'ajv-errors': [ '1.0.1' ],
2650 silly audit   antlr4: [ '4.13.2' ],
2650 silly audit   'ast-parents': [ '0.0.1' ],
2650 silly audit   'better-ajv-errors': [ '2.0.2' ],
2650 silly audit   cosmiconfig: [ '8.3.6' ],
2650 silly audit   'fast-diff': [ '1.3.0' ],
2650 silly audit   ignore: [ '5.3.2' ],
2650 silly audit   'js-yaml': [ '4.1.0' ],
2650 silly audit   'latest-version': [ '7.0.0' ],
2650 silly audit   lodash: [ '4.17.21' ],
2650 silly audit   pluralize: [ '8.0.0' ],
2650 silly audit   'strip-ansi': [ '6.0.1', '4.0.0', '3.0.1' ],
2650 silly audit   table: [ '6.9.0' ],
2650 silly audit   'text-table': [ '0.2.0' ],
2650 silly audit   'fast-deep-equal': [ '3.1.3', '1.1.0' ],
2650 silly audit   'fast-json-stable-stringify': [ '2.1.0' ],
2650 silly audit   'json-schema-traverse': [ '0.4.1', '0.3.1', '1.0.0' ],
2650 silly audit   'uri-js': [ '4.4.1' ],
2650 silly audit   '@babel/code-frame': [ '7.27.1' ],
2650 silly audit   '@humanwhocodes/momoa': [ '2.0.4' ],
2650 silly audit   jsonpointer: [ '5.0.1' ],
2650 silly audit   '@babel/helper-validator-identifier': [ '7.27.1' ],
2650 silly audit   'js-tokens': [ '4.0.0' ],
2650 silly audit   picocolors: [ '1.1.1' ],
2650 silly audit   'import-fresh': [ '3.3.1' ],
2650 silly audit   'parse-json': [ '5.2.0' ],
2650 silly audit   'path-type': [ '4.0.0' ],
2650 silly audit   'parent-module': [ '1.0.1' ],
2650 silly audit   'resolve-from': [ '4.0.0' ],
2650 silly audit   'package-json': [ '8.1.1' ],
2650 silly audit   got: [ '12.6.1' ],
2650 silly audit   'registry-auth-token': [ '5.1.0' ],
2650 silly audit   'registry-url': [ '6.0.1' ],
2650 silly audit   '@sindresorhus/is': [ '5.6.0' ],
2650 silly audit   '@szmarczak/http-timer': [ '5.0.1' ],
2650 silly audit   'cacheable-lookup': [ '7.0.0' ],
2650 silly audit   'cacheable-request': [ '10.2.14' ],
2650 silly audit   'form-data-encoder': [ '2.1.4' ],
2650 silly audit   'get-stream': [ '6.0.1', '3.0.0' ],
2650 silly audit   'http2-wrapper': [ '2.2.1' ],
2650 silly audit   'lowercase-keys': [ '3.0.0' ],
2650 silly audit   'p-cancelable': [ '3.0.0' ],
2650 silly audit   responselike: [ '3.0.0' ],
2650 silly audit   'defer-to-connect': [ '2.0.1' ],
2650 silly audit   '@types/http-cache-semantics': [ '4.0.4' ],
2650 silly audit   'http-cache-semantics': [ '4.2.0' ],
2650 silly audit   keyv: [ '4.5.4' ],
2650 silly audit   'normalize-url': [ '8.1.0' ],
2650 silly audit   'quick-lru': [ '5.1.1' ],
2650 silly audit   'resolve-alpn': [ '1.2.1' ],
2650 silly audit   'json-buffer': [ '3.0.1' ],
2650 silly audit   callsites: [ '3.1.0' ],
2650 silly audit   'error-ex': [ '1.3.4' ],
2650 silly audit   'json-parse-even-better-errors': [ '2.3.1' ],
2650 silly audit   'lines-and-columns': [ '1.2.4' ],
2650 silly audit   'is-arrayish': [ '0.2.1' ],
2650 silly audit   '@pnpm/npm-conf': [ '2.3.1' ],
2650 silly audit   '@pnpm/config.env-replace': [ '1.1.0' ],
2650 silly audit   '@pnpm/network.ca-file': [ '1.0.2' ],
2650 silly audit   'config-chain': [ '1.1.13' ],
2650 silly audit   'proto-list': [ '1.2.4' ],
2650 silly audit   chokidar: [ '1.7.0' ],
2650 silly audit   colors: [ '1.4.0' ],
2650 silly audit   diff: [ '3.5.0', '3.3.1' ],
2650 silly audit   eol: [ '0.9.1' ],
2650 silly audit   'js-string-escape': [ '1.0.1' ],
2650 silly audit   'sol-digger': [ '0.0.2' ],
2650 silly audit   'sol-explore': [ '1.6.1' ],
2650 silly audit   'solium-plugin-security': [ '0.1.1' ],
2650 silly audit   solparse: [ '2.2.8' ],
2650 silly audit   anymatch: [ '1.3.2' ],
2650 silly audit   'async-each': [ '1.0.6' ],
2650 silly audit   fsevents: [ '1.2.13' ],
2650 silly audit   'glob-parent': [ '2.0.0' ],
2650 silly audit   'is-binary-path': [ '1.0.1' ],
2650 silly audit   'is-glob': [ '2.0.1' ],
2650 silly audit   'path-is-absolute': [ '1.0.1' ],
2650 silly audit   readdirp: [ '2.2.1' ],
2650 silly audit   micromatch: [ '2.3.11', '3.1.10' ],
2650 silly audit   'normalize-path': [ '2.1.1' ],
2650 silly audit   bindings: [ '1.5.0' ],
2650 silly audit   nan: [ '2.23.0' ],
2650 silly audit   'file-uri-to-path': [ '1.0.0' ],
2650 silly audit   'binary-extensions': [ '1.13.1' ],
2650 silly audit   'is-extglob': [ '1.0.0' ],
2650 silly audit   'arr-diff': [ '2.0.0', '4.0.0' ],
2650 silly audit   'array-unique': [ '0.2.1', '0.3.2' ],
2650 silly audit   braces: [ '1.8.5', '2.3.2' ],
2650 silly audit   'expand-brackets': [ '0.1.5', '2.1.4' ],
2650 silly audit   extglob: [ '0.3.2', '2.0.4' ],
2650 silly audit   'filename-regex': [ '2.0.1' ],
2650 silly audit   'kind-of': [ '3.2.2', '6.0.3', '4.0.0' ],
2650 silly audit   'object.omit': [ '2.0.1' ],
2650 silly audit   'parse-glob': [ '3.0.4' ],
2650 silly audit   'regex-cache': [ '0.4.4' ],
2650 silly audit   'arr-flatten': [ '1.1.0' ],
2650 silly audit   'expand-range': [ '1.8.2' ],
2650 silly audit   preserve: [ '0.2.0' ],
2650 silly audit   'repeat-element': [ '1.1.4' ],
2650 silly audit   'is-posix-bracket': [ '0.1.1' ],
2650 silly audit   'fill-range': [ '2.2.4', '4.0.0' ],
2650 silly audit   'is-number': [ '2.1.0', '4.0.0', '3.0.0' ],
2650 silly audit   isobject: [ '2.1.0', '3.0.1' ],
2650 silly audit   randomatic: [ '3.1.1' ],
2650 silly audit   'repeat-string': [ '1.6.1' ],
2650 silly audit   isarray: [ '1.0.0' ],
2650 silly audit   'is-buffer': [ '1.1.6' ],
2650 silly audit   'remove-trailing-separator': [ '1.1.0' ],
2650 silly audit   'for-own': [ '0.1.5' ],
2650 silly audit   'is-extendable': [ '0.1.1', '1.0.1' ],
2650 silly audit   'for-in': [ '1.0.2' ],
2650 silly audit   'glob-base': [ '0.3.0' ],
2650 silly audit   'is-dotfile': [ '1.0.3' ],
2650 silly audit   'math-random': [ '1.0.4' ],
2650 silly audit   'readable-stream': [ '2.3.8', '3.6.2' ],
2650 silly audit   'core-util-is': [ '1.0.3' ],
2650 silly audit   'process-nextick-args': [ '2.0.1' ],
2650 silly audit   string_decoder: [ '1.1.1' ],
2650 silly audit   'util-deprecate': [ '1.0.2' ],
2650 silly audit   'is-equal-shallow': [ '0.1.3' ],
2650 silly audit   'is-primitive': [ '2.0.0' ],
2650 silly audit   mocha: [ '4.1.0' ],
2650 silly audit   pegjs: [ '0.10.0' ],
2650 silly audit   yargs: [ '10.1.2' ],
2650 silly audit   'browser-stdout': [ '1.3.0' ],
2650 silly audit   growl: [ '1.10.3' ],
2650 silly audit   he: [ '1.1.1' ],
2650 silly audit   mkdirp: [ '0.5.1' ],
2650 silly audit   peggy: [ '1.2.0' ],
2650 silly audit   'ansi-regex': [ '5.0.1', '3.0.1', '2.1.1' ],
2650 silly audit   'has-flag': [ '3.0.0', '4.0.0', '2.0.0' ],
2650 silly audit   'lodash.truncate': [ '4.4.2' ],
2650 silly audit   'slice-ansi': [ '4.0.0' ],
2650 silly audit   'string-width': [ '4.2.3', '2.1.1', '1.0.2' ],
2650 silly audit   'astral-regex': [ '2.0.0' ],
2650 silly audit   'is-fullwidth-code-point': [ '3.0.0', '2.0.0', '1.0.0' ],
2650 silly audit   'emoji-regex': [ '8.0.0' ],
2650 silly audit   chownr: [ '1.1.4' ],
2650 silly audit   'tar-stream': [ '2.2.0' ],
2650 silly audit   bl: [ '4.1.0' ],
2650 silly audit   'fs-constants': [ '1.0.0' ],
2650 silly audit   buffer: [ '5.7.1' ],
2650 silly audit   'base64-js': [ '1.5.1' ],
2650 silly audit   ieee754: [ '1.2.1' ],
2650 silly audit   qs: [ '6.14.0' ],
2650 silly audit   underscore: [ '1.13.7' ],
2650 silly audit   'side-channel': [ '1.1.0' ],
2650 silly audit   'object-inspect': [ '1.13.4' ],
2650 silly audit   'side-channel-list': [ '1.0.0' ],
2650 silly audit   'side-channel-map': [ '1.0.1' ],
2650 silly audit   'side-channel-weakmap': [ '1.0.2' ],
2650 silly audit   'call-bound': [ '1.0.4' ],
2650 silly audit   punycode: [ '2.3.1' ],
2650 silly audit   'vscode-languageserver-protocol': [ '3.17.3' ],
2650 silly audit   'vscode-jsonrpc': [ '8.1.0' ],
2650 silly audit   'vscode-languageserver-types': [ '3.17.3' ],
2650 silly audit   'is-wsl': [ '3.1.0' ],
2650 silly audit   sax: [ '1.4.1' ],
2650 silly audit   xmlbuilder: [ '11.0.1' ],
2650 silly audit   cliui: [ '4.1.0' ],
2650 silly audit   decamelize: [ '1.2.0' ],
2650 silly audit   'find-up': [ '2.1.0' ],
2650 silly audit   'get-caller-file': [ '1.0.3' ],
2650 silly audit   'os-locale': [ '2.1.0' ],
2650 silly audit   'require-directory': [ '2.1.1' ],
2650 silly audit   'require-main-filename': [ '1.0.1' ],
2650 silly audit   'set-blocking': [ '2.0.0' ],
2650 silly audit   'which-module': [ '2.0.1' ],
2650 silly audit   y18n: [ '3.2.2' ],
2650 silly audit   'yargs-parser': [ '8.1.0' ],
2650 silly audit   'wrap-ansi': [ '2.1.0' ],
2650 silly audit   'locate-path': [ '2.0.0' ],
2650 silly audit   'p-locate': [ '2.0.0' ],
2650 silly audit   'path-exists': [ '3.0.0' ],
2650 silly audit   execa: [ '0.7.0' ],
2650 silly audit   lcid: [ '1.0.0' ],
2650 silly audit   mem: [ '1.1.0' ],
2650 silly audit   'cross-spawn': [ '5.1.0' ],
2650 silly audit   'is-stream': [ '1.1.0' ],
2650 silly audit   'npm-run-path': [ '2.0.2' ],
2650 silly audit   'p-finally': [ '1.0.0' ],
2650 silly audit   'signal-exit': [ '3.0.7' ],
2650 silly audit   'strip-eof': [ '1.0.0' ],
2650 silly audit   'shebang-command': [ '1.2.0' ],
2650 silly audit   which: [ '1.3.1' ],
2650 silly audit   'invert-kv': [ '1.0.0' ],
2650 silly audit   'mimic-fn': [ '1.2.0' ],
2650 silly audit   'path-key': [ '2.0.1' ],
2650 silly audit   'p-limit': [ '1.3.0' ],
2650 silly audit   'p-try': [ '1.0.0' ],
2650 silly audit   'shebang-regex': [ '1.0.0' ],
2650 silly audit   isexe: [ '2.0.0' ],
2650 silly audit   camelcase: [ '4.1.0' ],
2650 silly audit   'buffer-crc32': [ '0.2.13' ],
2650 silly audit   'fd-slicer': [ '1.1.0' ],
2650 silly audit   pend: [ '1.2.0' ],
2650 silly audit   pseudomap: [ '1.0.2' ],
2650 silly audit   'define-property': [ '2.0.2', '0.2.5', '1.0.0' ],
2650 silly audit   'extend-shallow': [ '3.0.2', '2.0.1' ],
2650 silly audit   'fragment-cache': [ '0.2.1' ],
2650 silly audit   nanomatch: [ '1.2.13' ],
2650 silly audit   'object.pick': [ '1.3.0' ],
2650 silly audit   'regex-not': [ '1.0.2' ],
2650 silly audit   snapdragon: [ '0.8.2' ],
2650 silly audit   'to-regex': [ '3.0.2' ],
2650 silly audit   'is-descriptor': [ '1.0.3', '0.1.7' ],
2650 silly audit   'assign-symbols': [ '1.0.0' ],
2650 silly audit   'map-cache': [ '0.2.2' ],
2650 silly audit   'is-accessor-descriptor': [ '1.0.1' ],
2650 silly audit   'is-data-descriptor': [ '1.0.1' ],
2650 silly audit   'is-windows': [ '1.0.2' ],
2650 silly audit   'safe-regex': [ '1.1.0' ],
2650 silly audit   ret: [ '0.1.15' ],
2650 silly audit   base: [ '0.11.2' ],
2650 silly audit   'source-map': [ '0.5.7' ],
2650 silly audit   'source-map-resolve': [ '0.5.3' ],
2650 silly audit   use: [ '3.1.1' ],
2650 silly audit   'cache-base': [ '1.0.1' ],
2650 silly audit   'class-utils': [ '0.3.6' ],
2650 silly audit   'component-emitter': [ '1.3.1' ],
2650 silly audit   'mixin-deep': [ '1.3.2' ],
2650 silly audit   pascalcase: [ '0.1.1' ],
2650 silly audit   'collection-visit': [ '1.0.0' ],
2650 silly audit   'get-value': [ '2.0.6' ],
2650 silly audit   'has-value': [ '1.0.0', '0.3.1' ],
2650 silly audit   'set-value': [ '2.0.1' ],
2650 silly audit   'to-object-path': [ '0.3.0' ],
2650 silly audit   'union-value': [ '1.0.1' ],
2650 silly audit   'unset-value': [ '1.0.0' ],
2650 silly audit   'arr-union': [ '3.1.0' ],
2650 silly audit   'static-extend': [ '0.1.2' ],
2650 silly audit   'map-visit': [ '1.0.0' ],
2650 silly audit   'object-visit': [ '1.0.1' ],
2650 silly audit   'has-values': [ '1.0.0', '0.1.4' ],
2650 silly audit   'is-plain-object': [ '2.0.4' ],
2650 silly audit   'split-string': [ '3.1.0' ],
2650 silly audit   atob: [ '2.1.2' ],
2650 silly audit   'decode-uri-component': [ '0.2.2' ],
2650 silly audit   'resolve-url': [ '0.2.1' ],
2650 silly audit   'source-map-url': [ '0.4.1' ],
2650 silly audit   urix: [ '0.1.0' ],
2650 silly audit   'object-copy': [ '0.1.0' ],
2650 silly audit   'copy-descriptor': [ '0.1.1' ],
2650 silly audit   'snapdragon-node': [ '2.1.1' ],
2650 silly audit   'snapdragon-util': [ '3.0.1' ],
2650 silly audit   'posix-character-classes': [ '0.1.1' ],
2650 silly audit   'to-regex-range': [ '2.1.1' ],
2650 silly audit   'os-tmpdir': [ '1.0.2' ],
2650 silly audit   co: [ '4.6.0' ],
2650 silly audit   'fast-uri': [ '3.1.0' ],
2650 silly audit   'require-from-string': [ '2.0.2' ],
2650 silly audit   'code-point-at': [ '1.1.0' ],
2650 silly audit   'number-is-nan': [ '1.0.1' ]
2650 silly audit }
2651 verbose reify failed optional dependency /home/phaedrus/.local/share/nvim/mason/staging/vscode-solidity-server/node_modules/vscode-solidity-server/node_modules/fsevents
2652 silly reify mark deleted [
2652 silly reify   '/home/phaedrus/.local/share/nvim/mason/staging/vscode-solidity-server/node_modules/vscode-solidity-server/node_modules/fsevents'
2652 silly reify ]
2653 verbose reify failed optional dependency /home/phaedrus/.local/share/nvim/mason/staging/vscode-solidity-server/node_modules/vscode-solidity-server/node_modules/nan
2654 silly reify mark deleted [
2654 silly reify   '/home/phaedrus/.local/share/nvim/mason/staging/vscode-solidity-server/node_modules/vscode-solidity-server/node_modules/nan'
2654 silly reify ]
2655 verbose reify failed optional dependency /home/phaedrus/.local/share/nvim/mason/staging/vscode-solidity-server/node_modules/vscode-solidity-server/node_modules/bindings
2656 silly reify mark deleted [
2656 silly reify   '/home/phaedrus/.local/share/nvim/mason/staging/vscode-solidity-server/node_modules/vscode-solidity-server/node_modules/bindings'
2656 silly reify ]
2657 verbose reify failed optional dependency /home/phaedrus/.local/share/nvim/mason/staging/vscode-solidity-server/node_modules/vscode-solidity-server/node_modules/file-uri-to-path
2658 silly reify mark deleted [
2658 silly reify   '/home/phaedrus/.local/share/nvim/mason/staging/vscode-solidity-server/node_modules/vscode-solidity-server/node_modules/file-uri-to-path'
2658 silly reify ]
2659 verbose reify failed optional dependency /home/phaedrus/.local/share/nvim/mason/staging/vscode-solidity-server/node_modules/vscode-solidity-server/node_modules/@vscode/vsce-sign-win32-x64
2660 silly reify mark deleted [
2660 silly reify   '/home/phaedrus/.local/share/nvim/mason/staging/vscode-solidity-server/node_modules/vscode-solidity-server/node_modules/@vscode/vsce-sign-win32-x64'
2660 silly reify ]
2661 verbose reify failed optional dependency /home/phaedrus/.local/share/nvim/mason/staging/vscode-solidity-server/node_modules/vscode-solidity-server/node_modules/@vscode/vsce-sign-win32-arm64
2662 silly reify mark deleted [
2662 silly reify   '/home/phaedrus/.local/share/nvim/mason/staging/vscode-solidity-server/node_modules/vscode-solidity-server/node_modules/@vscode/vsce-sign-win32-arm64'
2662 silly reify ]
2663 verbose reify failed optional dependency /home/phaedrus/.local/share/nvim/mason/staging/vscode-solidity-server/node_modules/vscode-solidity-server/node_modules/@vscode/vsce-sign-linux-arm64
2664 silly reify mark deleted [
2664 silly reify   '/home/phaedrus/.local/share/nvim/mason/staging/vscode-solidity-server/node_modules/vscode-solidity-server/node_modules/@vscode/vsce-sign-linux-arm64'
2664 silly reify ]
2665 verbose reify failed optional dependency /home/phaedrus/.local/share/nvim/mason/staging/vscode-solidity-server/node_modules/vscode-solidity-server/node_modules/@vscode/vsce-sign-linux-arm
2666 silly reify mark deleted [
2666 silly reify   '/home/phaedrus/.local/share/nvim/mason/staging/vscode-solidity-server/node_modules/vscode-solidity-server/node_modules/@vscode/vsce-sign-linux-arm'
2666 silly reify ]
2667 verbose reify failed optional dependency /home/phaedrus/.local/share/nvim/mason/staging/vscode-solidity-server/node_modules/vscode-solidity-server/node_modules/@vscode/vsce-sign-darwin-x64
2668 silly reify mark deleted [
2668 silly reify   '/home/phaedrus/.local/share/nvim/mason/staging/vscode-solidity-server/node_modules/vscode-solidity-server/node_modules/@vscode/vsce-sign-darwin-x64'
2668 silly reify ]
2669 verbose reify failed optional dependency /home/phaedrus/.local/share/nvim/mason/staging/vscode-solidity-server/node_modules/vscode-solidity-server/node_modules/@vscode/vsce-sign-darwin-arm64
2670 silly reify mark deleted [
2670 silly reify   '/home/phaedrus/.local/share/nvim/mason/staging/vscode-solidity-server/node_modules/vscode-solidity-server/node_modules/@vscode/vsce-sign-darwin-arm64'
2670 silly reify ]
2671 verbose reify failed optional dependency /home/phaedrus/.local/share/nvim/mason/staging/vscode-solidity-server/node_modules/vscode-solidity-server/node_modules/@vscode/vsce-sign-alpine-x64
2672 silly reify mark deleted [
2672 silly reify   '/home/phaedrus/.local/share/nvim/mason/staging/vscode-solidity-server/node_modules/vscode-solidity-server/node_modules/@vscode/vsce-sign-alpine-x64'
2672 silly reify ]
2673 verbose reify failed optional dependency /home/phaedrus/.local/share/nvim/mason/staging/vscode-solidity-server/node_modules/vscode-solidity-server/node_modules/@vscode/vsce-sign-alpine-arm64
2674 silly reify mark deleted [
2674 silly reify   '/home/phaedrus/.local/share/nvim/mason/staging/vscode-solidity-server/node_modules/vscode-solidity-server/node_modules/@vscode/vsce-sign-alpine-arm64'
2674 silly reify ]
2675 http cache vscode-solidity-server@https://registry.npmjs.org/vscode-solidity-server/-/vscode-solidity-server-0.0.185.tgz 0ms (cache hit)
2676 http cache fast-uri@https://registry.npmjs.org/fast-uri/-/fast-uri-3.1.0.tgz 0ms (cache hit)
2677 http cache number-is-nan@https://registry.npmjs.org/number-is-nan/-/number-is-nan-1.0.1.tgz 0ms (cache hit)
2678 http cache code-point-at@https://registry.npmjs.org/code-point-at/-/code-point-at-1.1.0.tgz 0ms (cache hit)
2679 http cache require-from-string@https://registry.npmjs.org/require-from-string/-/require-from-string-2.0.2.tgz 0ms (cache hit)
2680 http cache co@https://registry.npmjs.org/co/-/co-4.6.0.tgz 0ms (cache hit)
2681 http cache os-tmpdir@https://registry.npmjs.org/os-tmpdir/-/os-tmpdir-1.0.2.tgz 0ms (cache hit)
2682 http cache to-regex-range@https://registry.npmjs.org/to-regex-range/-/to-regex-range-2.1.1.tgz 0ms (cache hit)
2683 http cache is-number@https://registry.npmjs.org/is-number/-/is-number-3.0.0.tgz 0ms (cache hit)
2684 http cache posix-character-classes@https://registry.npmjs.org/posix-character-classes/-/posix-character-classes-0.1.1.tgz 0ms (cache hit)
2685 http cache snapdragon-node@https://registry.npmjs.org/snapdragon-node/-/snapdragon-node-2.1.1.tgz 0ms (cache hit)
2686 http cache isobject@https://registry.npmjs.org/isobject/-/isobject-3.0.1.tgz 0ms (cache hit)
2687 http cache define-property@https://registry.npmjs.org/define-property/-/define-property-1.0.0.tgz 0ms (cache hit)
2688 http cache copy-descriptor@https://registry.npmjs.org/copy-descriptor/-/copy-descriptor-0.1.1.tgz 0ms (cache hit)
2689 http cache object-copy@https://registry.npmjs.org/object-copy/-/object-copy-0.1.0.tgz 0ms (cache hit)
2690 http cache is-descriptor@https://registry.npmjs.org/is-descriptor/-/is-descriptor-0.1.7.tgz 0ms (cache hit)
2691 http cache define-property@https://registry.npmjs.org/define-property/-/define-property-0.2.5.tgz 0ms (cache hit)
2692 http cache urix@https://registry.npmjs.org/urix/-/urix-0.1.0.tgz 0ms (cache hit)
2693 http cache snapdragon-util@https://registry.npmjs.org/snapdragon-util/-/snapdragon-util-3.0.1.tgz 0ms (cache hit)
2694 http cache source-map-url@https://registry.npmjs.org/source-map-url/-/source-map-url-0.4.1.tgz 0ms (cache hit)
2695 http cache resolve-url@https://registry.npmjs.org/resolve-url/-/resolve-url-0.2.1.tgz 0ms (cache hit)
2696 http cache decode-uri-component@https://registry.npmjs.org/decode-uri-component/-/decode-uri-component-0.2.2.tgz 0ms (cache hit)
2697 http cache atob@https://registry.npmjs.org/atob/-/atob-2.1.2.tgz 0ms (cache hit)
2698 http cache split-string@https://registry.npmjs.org/split-string/-/split-string-3.1.0.tgz 0ms (cache hit)
2699 http cache is-plain-object@https://registry.npmjs.org/is-plain-object/-/is-plain-object-2.0.4.tgz 0ms (cache hit)
2700 http cache isobject@https://registry.npmjs.org/isobject/-/isobject-3.0.1.tgz 0ms (cache hit)
2701 http cache has-values@https://registry.npmjs.org/has-values/-/has-values-1.0.0.tgz 0ms (cache hit)
2702 http cache kind-of@https://registry.npmjs.org/kind-of/-/kind-of-4.0.0.tgz 0ms (cache hit)
2703 http cache is-number@https://registry.npmjs.org/is-number/-/is-number-3.0.0.tgz 0ms (cache hit)
2704 http cache kind-of@https://registry.npmjs.org/kind-of/-/kind-of-3.2.2.tgz 0ms (cache hit)
2705 http cache object-visit@https://registry.npmjs.org/object-visit/-/object-visit-1.0.1.tgz 0ms (cache hit)
2706 http cache isobject@https://registry.npmjs.org/isobject/-/isobject-3.0.1.tgz 0ms (cache hit)
2707 http cache is-descriptor@https://registry.npmjs.org/is-descriptor/-/is-descriptor-0.1.7.tgz 0ms (cache hit)
2708 http cache static-extend@https://registry.npmjs.org/static-extend/-/static-extend-0.1.2.tgz 0ms (cache hit)
2709 http cache map-visit@https://registry.npmjs.org/map-visit/-/map-visit-1.0.0.tgz 0ms (cache hit)
2710 http cache define-property@https://registry.npmjs.org/define-property/-/define-property-0.2.5.tgz 0ms (cache hit)
2711 http cache arr-union@https://registry.npmjs.org/arr-union/-/arr-union-3.1.0.tgz 0ms (cache hit)
2712 http cache has-values@https://registry.npmjs.org/has-values/-/has-values-0.1.4.tgz 0ms (cache hit)
2713 http cache unset-value@https://registry.npmjs.org/unset-value/-/unset-value-1.0.0.tgz 0ms (cache hit)
2714 http cache has-value@https://registry.npmjs.org/has-value/-/has-value-0.3.1.tgz 0ms (cache hit)
2715 http cache isobject@https://registry.npmjs.org/isobject/-/isobject-3.0.1.tgz 0ms (cache hit)
2716 http cache isobject@https://registry.npmjs.org/isobject/-/isobject-2.1.0.tgz 0ms (cache hit)
2717 http cache to-object-path@https://registry.npmjs.org/to-object-path/-/to-object-path-0.3.0.tgz 0ms (cache hit)
2718 http cache union-value@https://registry.npmjs.org/union-value/-/union-value-1.0.1.tgz 0ms (cache hit)
2719 http cache set-value@https://registry.npmjs.org/set-value/-/set-value-2.0.1.tgz 0ms (cache hit)
2720 http cache extend-shallow@https://registry.npmjs.org/extend-shallow/-/extend-shallow-2.0.1.tgz 0ms (cache hit)
2721 http cache has-value@https://registry.npmjs.org/has-value/-/has-value-1.0.0.tgz 0ms (cache hit)
2722 http cache isobject@https://registry.npmjs.org/isobject/-/isobject-3.0.1.tgz 1ms (cache hit)
2723 http cache get-value@https://registry.npmjs.org/get-value/-/get-value-2.0.6.tgz 0ms (cache hit)
2724 http cache pascalcase@https://registry.npmjs.org/pascalcase/-/pascalcase-0.1.1.tgz 0ms (cache hit)
2725 http cache mixin-deep@https://registry.npmjs.org/mixin-deep/-/mixin-deep-1.3.2.tgz 0ms (cache hit)
2726 http cache collection-visit@https://registry.npmjs.org/collection-visit/-/collection-visit-1.0.0.tgz 0ms (cache hit)
2727 http cache is-extendable@https://registry.npmjs.org/is-extendable/-/is-extendable-1.0.1.tgz 0ms (cache hit)
2728 http cache class-utils@https://registry.npmjs.org/class-utils/-/class-utils-0.3.6.tgz 0ms (cache hit)
2729 http cache is-descriptor@https://registry.npmjs.org/is-descriptor/-/is-descriptor-0.1.7.tgz 0ms (cache hit)
2730 http cache component-emitter@https://registry.npmjs.org/component-emitter/-/component-emitter-1.3.1.tgz 0ms (cache hit)
2731 http cache isobject@https://registry.npmjs.org/isobject/-/isobject-3.0.1.tgz 0ms (cache hit)
2732 http cache define-property@https://registry.npmjs.org/define-property/-/define-property-0.2.5.tgz 0ms (cache hit)
2733 http cache use@https://registry.npmjs.org/use/-/use-3.1.1.tgz 0ms (cache hit)
2734 http cache cache-base@https://registry.npmjs.org/cache-base/-/cache-base-1.0.1.tgz 0ms (cache hit)
2735 http cache isobject@https://registry.npmjs.org/isobject/-/isobject-3.0.1.tgz 0ms (cache hit)
2736 http cache source-map-resolve@https://registry.npmjs.org/source-map-resolve/-/source-map-resolve-0.5.3.tgz 0ms (cache hit)
2737 http cache source-map@https://registry.npmjs.org/source-map/-/source-map-0.5.7.tgz 0ms (cache hit)
2738 http cache base@https://registry.npmjs.org/base/-/base-0.11.2.tgz 0ms (cache hit)
2739 http cache isobject@https://registry.npmjs.org/isobject/-/isobject-3.0.1.tgz 0ms (cache hit)
2740 http cache ret@https://registry.npmjs.org/ret/-/ret-0.1.15.tgz 0ms (cache hit)
2741 http cache define-property@https://registry.npmjs.org/define-property/-/define-property-1.0.0.tgz 0ms (cache hit)
2742 http cache safe-regex@https://registry.npmjs.org/safe-regex/-/safe-regex-1.1.0.tgz 0ms (cache hit)
2743 http cache is-windows@https://registry.npmjs.org/is-windows/-/is-windows-1.0.2.tgz 0ms (cache hit)
2744 http cache is-data-descriptor@https://registry.npmjs.org/is-data-descriptor/-/is-data-descriptor-1.0.1.tgz 0ms (cache hit)
2745 http cache map-cache@https://registry.npmjs.org/map-cache/-/map-cache-0.2.2.tgz 0ms (cache hit)
2746 http cache assign-symbols@https://registry.npmjs.org/assign-symbols/-/assign-symbols-1.0.0.tgz 0ms (cache hit)
2747 http cache is-accessor-descriptor@https://registry.npmjs.org/is-accessor-descriptor/-/is-accessor-descriptor-1.0.1.tgz 0ms (cache hit)
2748 http cache is-descriptor@https://registry.npmjs.org/is-descriptor/-/is-descriptor-1.0.3.tgz 0ms (cache hit)
2749 http cache to-regex@https://registry.npmjs.org/to-regex/-/to-regex-3.0.2.tgz 0ms (cache hit)
2750 http cache snapdragon@https://registry.npmjs.org/snapdragon/-/snapdragon-0.8.2.tgz 0ms (cache hit)
2751 http cache is-descriptor@https://registry.npmjs.org/is-descriptor/-/is-descriptor-0.1.7.tgz 0ms (cache hit)
2752 http cache ms@https://registry.npmjs.org/ms/-/ms-2.0.0.tgz 0ms (cache hit)
2753 http cache extend-shallow@https://registry.npmjs.org/extend-shallow/-/extend-shallow-2.0.1.tgz 0ms (cache hit)
2754 http cache define-property@https://registry.npmjs.org/define-property/-/define-property-0.2.5.tgz 0ms (cache hit)
2755 http cache debug@https://registry.npmjs.org/debug/-/debug-2.6.9.tgz 0ms (cache hit)
2756 http cache regex-not@https://registry.npmjs.org/regex-not/-/regex-not-1.0.2.tgz 0ms (cache hit)
2757 http cache object.pick@https://registry.npmjs.org/object.pick/-/object.pick-1.3.0.tgz 0ms (cache hit)
2758 http cache nanomatch@https://registry.npmjs.org/nanomatch/-/nanomatch-1.2.13.tgz 0ms (cache hit)
2759 http cache kind-of@https://registry.npmjs.org/kind-of/-/kind-of-6.0.3.tgz 0ms (cache hit)
2760 http cache array-unique@https://registry.npmjs.org/array-unique/-/array-unique-0.3.2.tgz 0ms (cache hit)
2761 http cache isobject@https://registry.npmjs.org/isobject/-/isobject-3.0.1.tgz 0ms (cache hit)
2762 http cache arr-diff@https://registry.npmjs.org/arr-diff/-/arr-diff-4.0.0.tgz 0ms (cache hit)
2763 http cache fragment-cache@https://registry.npmjs.org/fragment-cache/-/fragment-cache-0.2.1.tgz 0ms (cache hit)
2764 http cache extend-shallow@https://registry.npmjs.org/extend-shallow/-/extend-shallow-3.0.2.tgz 0ms (cache hit)
2765 http cache is-extendable@https://registry.npmjs.org/is-extendable/-/is-extendable-1.0.1.tgz 0ms (cache hit)
2766 http cache isobject@https://registry.npmjs.org/isobject/-/isobject-3.0.1.tgz 0ms (cache hit)
2767 http cache define-property@https://registry.npmjs.org/define-property/-/define-property-2.0.2.tgz 0ms (cache hit)
2768 http cache pseudomap@https://registry.npmjs.org/pseudomap/-/pseudomap-1.0.2.tgz 0ms (cache hit)
2769 http cache pend@https://registry.npmjs.org/pend/-/pend-1.2.0.tgz 0ms (cache hit)
2770 http cache fd-slicer@https://registry.npmjs.org/fd-slicer/-/fd-slicer-1.1.0.tgz 0ms (cache hit)
2771 http cache buffer-crc32@https://registry.npmjs.org/buffer-crc32/-/buffer-crc32-0.2.13.tgz 0ms (cache hit)
2772 http cache camelcase@https://registry.npmjs.org/camelcase/-/camelcase-4.1.0.tgz 0ms (cache hit)
2773 http cache shebang-regex@https://registry.npmjs.org/shebang-regex/-/shebang-regex-1.0.0.tgz 0ms (cache hit)
2774 http cache isexe@https://registry.npmjs.org/isexe/-/isexe-2.0.0.tgz 0ms (cache hit)
2775 http cache p-try@https://registry.npmjs.org/p-try/-/p-try-1.0.0.tgz 0ms (cache hit)
2776 http cache p-limit@https://registry.npmjs.org/p-limit/-/p-limit-1.3.0.tgz 0ms (cache hit)
2777 http cache path-key@https://registry.npmjs.org/path-key/-/path-key-2.0.1.tgz 0ms (cache hit)
2778 http cache mimic-fn@https://registry.npmjs.org/mimic-fn/-/mimic-fn-1.2.0.tgz 0ms (cache hit)
2779 http cache which@https://registry.npmjs.org/which/-/which-1.3.1.tgz 0ms (cache hit)
2780 http cache invert-kv@https://registry.npmjs.org/invert-kv/-/invert-kv-1.0.0.tgz 0ms (cache hit)
2781 http cache shebang-command@https://registry.npmjs.org/shebang-command/-/shebang-command-1.2.0.tgz 0ms (cache hit)
2782 http cache strip-eof@https://registry.npmjs.org/strip-eof/-/strip-eof-1.0.0.tgz 0ms (cache hit)
2783 http cache p-finally@https://registry.npmjs.org/p-finally/-/p-finally-1.0.0.tgz 0ms (cache hit)
2784 http cache signal-exit@https://registry.npmjs.org/signal-exit/-/signal-exit-3.0.7.tgz 0ms (cache hit)
2785 http cache is-stream@https://registry.npmjs.org/is-stream/-/is-stream-1.1.0.tgz 0ms (cache hit)
2786 http cache npm-run-path@https://registry.npmjs.org/npm-run-path/-/npm-run-path-2.0.2.tgz 0ms (cache hit)
2787 http cache cross-spawn@https://registry.npmjs.org/cross-spawn/-/cross-spawn-5.1.0.tgz 0ms (cache hit)
2788 http cache yallist@https://registry.npmjs.org/yallist/-/yallist-2.1.2.tgz 0ms (cache hit)
2789 http cache lru-cache@https://registry.npmjs.org/lru-cache/-/lru-cache-4.1.5.tgz 0ms (cache hit)
2790 http cache mem@https://registry.npmjs.org/mem/-/mem-1.1.0.tgz 0ms (cache hit)
2791 http cache execa@https://registry.npmjs.org/execa/-/execa-0.7.0.tgz 0ms (cache hit)
2792 http cache get-stream@https://registry.npmjs.org/get-stream/-/get-stream-3.0.0.tgz 0ms (cache hit)
2793 http cache lcid@https://registry.npmjs.org/lcid/-/lcid-1.0.0.tgz 0ms (cache hit)
2794 http cache path-exists@https://registry.npmjs.org/path-exists/-/path-exists-3.0.0.tgz 0ms (cache hit)
2795 http cache locate-path@https://registry.npmjs.org/locate-path/-/locate-path-2.0.0.tgz 0ms (cache hit)
2796 http cache wrap-ansi@https://registry.npmjs.org/wrap-ansi/-/wrap-ansi-2.1.0.tgz 0ms (cache hit)
2797 http cache p-locate@https://registry.npmjs.org/p-locate/-/p-locate-2.0.0.tgz 0ms (cache hit)
2798 http cache ansi-regex@https://registry.npmjs.org/ansi-regex/-/ansi-regex-2.1.1.tgz 0ms (cache hit)
2799 http cache strip-ansi@https://registry.npmjs.org/strip-ansi/-/strip-ansi-3.0.1.tgz 0ms (cache hit)
2800 http cache is-fullwidth-code-point@https://registry.npmjs.org/is-fullwidth-code-point/-/is-fullwidth-code-point-1.0.0.tgz 0ms (cache hit)
2801 http cache string-width@https://registry.npmjs.org/string-width/-/string-width-1.0.2.tgz 0ms (cache hit)
2802 http cache y18n@https://registry.npmjs.org/y18n/-/y18n-3.2.2.tgz 0ms (cache hit)
2803 http cache which-module@https://registry.npmjs.org/which-module/-/which-module-2.0.1.tgz 0ms (cache hit)
2804 http cache set-blocking@https://registry.npmjs.org/set-blocking/-/set-blocking-2.0.0.tgz 0ms (cache hit)
2805 http cache yargs-parser@https://registry.npmjs.org/yargs-parser/-/yargs-parser-8.1.0.tgz 0ms (cache hit)
2806 http cache require-main-filename@https://registry.npmjs.org/require-main-filename/-/require-main-filename-1.0.1.tgz 0ms (cache hit)
2807 http cache require-directory@https://registry.npmjs.org/require-directory/-/require-directory-2.1.1.tgz 0ms (cache hit)
2808 http cache os-locale@https://registry.npmjs.org/os-locale/-/os-locale-2.1.0.tgz 0ms (cache hit)
2809 http cache get-caller-file@https://registry.npmjs.org/get-caller-file/-/get-caller-file-1.0.3.tgz 0ms (cache hit)
2810 http cache decamelize@https://registry.npmjs.org/decamelize/-/decamelize-1.2.0.tgz 0ms (cache hit)
2811 http cache cliui@https://registry.npmjs.org/cliui/-/cliui-4.1.0.tgz 0ms (cache hit)
2812 http cache ansi-regex@https://registry.npmjs.org/ansi-regex/-/ansi-regex-3.0.1.tgz 0ms (cache hit)
2813 http cache find-up@https://registry.npmjs.org/find-up/-/find-up-2.1.0.tgz 0ms (cache hit)
2814 http cache is-fullwidth-code-point@https://registry.npmjs.org/is-fullwidth-code-point/-/is-fullwidth-code-point-2.0.0.tgz 0ms (cache hit)
2815 http cache strip-ansi@https://registry.npmjs.org/strip-ansi/-/strip-ansi-4.0.0.tgz 0ms (cache hit)
2816 http cache string-width@https://registry.npmjs.org/string-width/-/string-width-2.1.1.tgz 0ms (cache hit)
2817 http cache xmlbuilder@https://registry.npmjs.org/xmlbuilder/-/xmlbuilder-11.0.1.tgz 0ms (cache hit)
2818 http cache sax@https://registry.npmjs.org/sax/-/sax-1.4.1.tgz 0ms (cache hit)
2819 http cache is-wsl@https://registry.npmjs.org/is-wsl/-/is-wsl-3.1.0.tgz 0ms (cache hit)
2820 http cache vscode-languageserver-types@https://registry.npmjs.org/vscode-languageserver-types/-/vscode-languageserver-types-3.17.3.tgz 0ms (cache hit)
2821 http cache vscode-jsonrpc@https://registry.npmjs.org/vscode-jsonrpc/-/vscode-jsonrpc-8.1.0.tgz 0ms (cache hit)
2822 http cache vscode-languageserver-protocol@https://registry.npmjs.org/vscode-languageserver-protocol/-/vscode-languageserver-protocol-3.17.3.tgz 0ms (cache hit)
2823 http cache side-channel-map@https://registry.npmjs.org/side-channel-map/-/side-channel-map-1.0.1.tgz 0ms (cache hit)
2824 http cache punycode@https://registry.npmjs.org/punycode/-/punycode-2.3.1.tgz 0ms (cache hit)
2825 http cache call-bound@https://registry.npmjs.org/call-bound/-/call-bound-1.0.4.tgz 0ms (cache hit)
2826 http cache side-channel-weakmap@https://registry.npmjs.org/side-channel-weakmap/-/side-channel-weakmap-1.0.2.tgz 0ms (cache hit)
2827 http cache side-channel@https://registry.npmjs.org/side-channel/-/side-channel-1.1.0.tgz 0ms (cache hit)
2828 http cache side-channel-list@https://registry.npmjs.org/side-channel-list/-/side-channel-list-1.0.0.tgz 0ms (cache hit)
2829 http cache object-inspect@https://registry.npmjs.org/object-inspect/-/object-inspect-1.13.4.tgz 0ms (cache hit)
2830 http cache underscore@https://registry.npmjs.org/underscore/-/underscore-1.13.7.tgz 0ms (cache hit)
2831 http cache qs@https://registry.npmjs.org/qs/-/qs-6.14.0.tgz 0ms (cache hit)
2832 http cache ieee754@https://registry.npmjs.org/ieee754/-/ieee754-1.2.1.tgz 0ms (cache hit)
2833 http cache base64-js@https://registry.npmjs.org/base64-js/-/base64-js-1.5.1.tgz 1ms (cache hit)
2834 http cache buffer@https://registry.npmjs.org/buffer/-/buffer-5.7.1.tgz 0ms (cache hit)
2835 http cache fs-constants@https://registry.npmjs.org/fs-constants/-/fs-constants-1.0.0.tgz 0ms (cache hit)
2836 http cache bl@https://registry.npmjs.org/bl/-/bl-4.1.0.tgz 0ms (cache hit)
2837 http cache readable-stream@https://registry.npmjs.org/readable-stream/-/readable-stream-3.6.2.tgz 0ms (cache hit)
2838 http cache tar-stream@https://registry.npmjs.org/tar-stream/-/tar-stream-2.2.0.tgz 0ms (cache hit)
2839 http cache readable-stream@https://registry.npmjs.org/readable-stream/-/readable-stream-3.6.2.tgz 0ms (cache hit)
2840 http cache emoji-regex@https://registry.npmjs.org/emoji-regex/-/emoji-regex-8.0.0.tgz 0ms (cache hit)
2841 http cache chownr@https://registry.npmjs.org/chownr/-/chownr-1.1.4.tgz 0ms (cache hit)
2842 http cache is-fullwidth-code-point@https://registry.npmjs.org/is-fullwidth-code-point/-/is-fullwidth-code-point-3.0.0.tgz 0ms (cache hit)
2843 http cache astral-regex@https://registry.npmjs.org/astral-regex/-/astral-regex-2.0.0.tgz 0ms (cache hit)
2844 http cache string-width@https://registry.npmjs.org/string-width/-/string-width-4.2.3.tgz 0ms (cache hit)
2845 http cache slice-ansi@https://registry.npmjs.org/slice-ansi/-/slice-ansi-4.0.0.tgz 0ms (cache hit)
2846 http cache color-name@https://registry.npmjs.org/color-name/-/color-name-1.1.4.tgz 0ms (cache hit)
2847 http cache color-convert@https://registry.npmjs.org/color-convert/-/color-convert-2.0.1.tgz 0ms (cache hit)
2848 http cache ansi-styles@https://registry.npmjs.org/ansi-styles/-/ansi-styles-4.3.0.tgz 0ms (cache hit)
2849 http cache lodash.truncate@https://registry.npmjs.org/lodash.truncate/-/lodash.truncate-4.4.2.tgz 0ms (cache hit)
2850 http cache has-flag@https://registry.npmjs.org/has-flag/-/has-flag-3.0.0.tgz 0ms (cache hit)
2851 http cache ansi-regex@https://registry.npmjs.org/ansi-regex/-/ansi-regex-5.0.1.tgz 0ms (cache hit)
2852 http cache peggy@https://registry.npmjs.org/peggy/-/peggy-1.2.0.tgz 0ms (cache hit)
2853 http cache mkdirp@https://registry.npmjs.org/mkdirp/-/mkdirp-0.5.1.tgz 0ms (cache hit)
2854 http cache minimist@https://registry.npmjs.org/minimist/-/minimist-0.0.8.tgz 0ms (cache hit)
2855 http cache he@https://registry.npmjs.org/he/-/he-1.1.1.tgz 0ms (cache hit)
2856 http cache growl@https://registry.npmjs.org/growl/-/growl-1.10.3.tgz 0ms (cache hit)
2857 http cache browser-stdout@https://registry.npmjs.org/browser-stdout/-/browser-stdout-1.3.0.tgz 0ms (cache hit)
2858 http cache yargs@https://registry.npmjs.org/yargs/-/yargs-10.1.2.tgz 0ms (cache hit)
2859 http cache ansi-regex@https://registry.npmjs.org/ansi-regex/-/ansi-regex-3.0.1.tgz 0ms (cache hit)
2860 http cache strip-ansi@https://registry.npmjs.org/strip-ansi/-/strip-ansi-4.0.0.tgz 0ms (cache hit)
2861 http cache is-fullwidth-code-point@https://registry.npmjs.org/is-fullwidth-code-point/-/is-fullwidth-code-point-2.0.0.tgz 0ms (cache hit)
2862 http cache string-width@https://registry.npmjs.org/string-width/-/string-width-2.1.1.tgz 0ms (cache hit)
2863 http cache pegjs@https://registry.npmjs.org/pegjs/-/pegjs-0.10.0.tgz 0ms (cache hit)
2864 http cache mocha@https://registry.npmjs.org/mocha/-/mocha-4.1.0.tgz 0ms (cache hit)
2865 http cache has-flag@https://registry.npmjs.org/has-flag/-/has-flag-2.0.0.tgz 0ms (cache hit)
2866 http cache ms@https://registry.npmjs.org/ms/-/ms-2.0.0.tgz 0ms (cache hit)
2867 http cache glob@https://registry.npmjs.org/glob/-/glob-7.1.2.tgz 0ms (cache hit)
2868 http cache diff@https://registry.npmjs.org/diff/-/diff-3.3.1.tgz 0ms (cache hit)
2869 http cache supports-color@https://registry.npmjs.org/supports-color/-/supports-color-4.4.0.tgz 0ms (cache hit)
2870 http cache debug@https://registry.npmjs.org/debug/-/debug-3.1.0.tgz 0ms (cache hit)
2871 http cache commander@https://registry.npmjs.org/commander/-/commander-2.11.0.tgz 0ms (cache hit)
2872 http cache is-primitive@https://registry.npmjs.org/is-primitive/-/is-primitive-2.0.0.tgz 0ms (cache hit)
2873 http cache util-deprecate@https://registry.npmjs.org/util-deprecate/-/util-deprecate-1.0.2.tgz 0ms (cache hit)
2874 http cache string_decoder@https://registry.npmjs.org/string_decoder/-/string_decoder-1.1.1.tgz 0ms (cache hit)
2875 http cache is-equal-shallow@https://registry.npmjs.org/is-equal-shallow/-/is-equal-shallow-0.1.3.tgz 0ms (cache hit)
2876 http cache safe-buffer@https://registry.npmjs.org/safe-buffer/-/safe-buffer-5.1.2.tgz 0ms (cache hit)
2877 http cache process-nextick-args@https://registry.npmjs.org/process-nextick-args/-/process-nextick-args-2.0.1.tgz 0ms (cache hit)
2878 http cache readable-stream@https://registry.npmjs.org/readable-stream/-/readable-stream-2.3.8.tgz 0ms (cache hit)
2879 http cache core-util-is@https://registry.npmjs.org/core-util-is/-/core-util-is-1.0.3.tgz 0ms (cache hit)
2880 http cache math-random@https://registry.npmjs.org/math-random/-/math-random-1.0.4.tgz 0ms (cache hit)
2881 http cache safe-buffer@https://registry.npmjs.org/safe-buffer/-/safe-buffer-5.1.2.tgz 0ms (cache hit)
2882 http cache is-dotfile@https://registry.npmjs.org/is-dotfile/-/is-dotfile-1.0.3.tgz 0ms (cache hit)
2883 http cache glob-base@https://registry.npmjs.org/glob-base/-/glob-base-0.3.0.tgz 0ms (cache hit)
2884 http cache for-in@https://registry.npmjs.org/for-in/-/for-in-1.0.2.tgz 0ms (cache hit)
2885 http cache is-extendable@https://registry.npmjs.org/is-extendable/-/is-extendable-0.1.1.tgz 0ms (cache hit)
2886 http cache for-own@https://registry.npmjs.org/for-own/-/for-own-0.1.5.tgz 0ms (cache hit)
2887 http cache remove-trailing-separator@https://registry.npmjs.org/remove-trailing-separator/-/remove-trailing-separator-1.1.0.tgz 0ms (cache hit)
2888 http cache is-buffer@https://registry.npmjs.org/is-buffer/-/is-buffer-1.1.6.tgz 0ms (cache hit)
2889 http cache isarray@https://registry.npmjs.org/isarray/-/isarray-1.0.0.tgz 0ms (cache hit)
2890 http cache kind-of@https://registry.npmjs.org/kind-of/-/kind-of-6.0.3.tgz 0ms (cache hit)
2891 http cache randomatic@https://registry.npmjs.org/randomatic/-/randomatic-3.1.1.tgz 0ms (cache hit)
2892 http cache is-number@https://registry.npmjs.org/is-number/-/is-number-4.0.0.tgz 0ms (cache hit)
2893 http cache repeat-string@https://registry.npmjs.org/repeat-string/-/repeat-string-1.6.1.tgz 0ms (cache hit)
2894 http cache isobject@https://registry.npmjs.org/isobject/-/isobject-2.1.0.tgz 0ms (cache hit)
2895 http cache is-posix-bracket@https://registry.npmjs.org/is-posix-bracket/-/is-posix-bracket-0.1.1.tgz 0ms (cache hit)
2896 http cache fill-range@https://registry.npmjs.org/fill-range/-/fill-range-2.2.4.tgz 0ms (cache hit)
2897 http cache is-number@https://registry.npmjs.org/is-number/-/is-number-2.1.0.tgz 0ms (cache hit)
2898 http cache repeat-element@https://registry.npmjs.org/repeat-element/-/repeat-element-1.1.4.tgz 0ms (cache hit)
2899 http cache preserve@https://registry.npmjs.org/preserve/-/preserve-0.2.0.tgz 0ms (cache hit)
2900 http cache expand-range@https://registry.npmjs.org/expand-range/-/expand-range-1.8.2.tgz 0ms (cache hit)
2901 http cache arr-flatten@https://registry.npmjs.org/arr-flatten/-/arr-flatten-1.1.0.tgz 0ms (cache hit)
2902 http cache regex-cache@https://registry.npmjs.org/regex-cache/-/regex-cache-0.4.4.tgz 0ms (cache hit)
2903 http cache object.omit@https://registry.npmjs.org/object.omit/-/object.omit-2.0.1.tgz 0ms (cache hit)
2904 http cache parse-glob@https://registry.npmjs.org/parse-glob/-/parse-glob-3.0.4.tgz 0ms (cache hit)
2905 http cache kind-of@https://registry.npmjs.org/kind-of/-/kind-of-3.2.2.tgz 0ms (cache hit)
2906 http cache filename-regex@https://registry.npmjs.org/filename-regex/-/filename-regex-2.0.1.tgz 0ms (cache hit)
2907 http cache extglob@https://registry.npmjs.org/extglob/-/extglob-0.3.2.tgz 0ms (cache hit)
2908 http cache expand-brackets@https://registry.npmjs.org/expand-brackets/-/expand-brackets-0.1.5.tgz 0ms (cache hit)
2909 http cache braces@https://registry.npmjs.org/braces/-/braces-1.8.5.tgz 0ms (cache hit)
2910 http cache array-unique@https://registry.npmjs.org/array-unique/-/array-unique-0.2.1.tgz 0ms (cache hit)
2911 http cache arr-diff@https://registry.npmjs.org/arr-diff/-/arr-diff-2.0.0.tgz 0ms (cache hit)
2912 http cache binary-extensions@https://registry.npmjs.org/binary-extensions/-/binary-extensions-1.13.1.tgz 0ms (cache hit)
2913 http cache is-extglob@https://registry.npmjs.org/is-extglob/-/is-extglob-1.0.0.tgz 0ms (cache hit)
2914 http cache file-uri-to-path@https://registry.npmjs.org/file-uri-to-path/-/file-uri-to-path-1.0.0.tgz 0ms (cache hit)
2915 http cache bindings@https://registry.npmjs.org/bindings/-/bindings-1.5.0.tgz 0ms (cache hit)
2916 http cache normalize-path@https://registry.npmjs.org/normalize-path/-/normalize-path-2.1.1.tgz 0ms (cache hit)
2917 http cache nan@https://registry.npmjs.org/nan/-/nan-2.23.0.tgz 0ms (cache hit)
2918 http cache micromatch@https://registry.npmjs.org/micromatch/-/micromatch-2.3.11.tgz 0ms (cache hit)
2919 http cache readdirp@https://registry.npmjs.org/readdirp/-/readdirp-2.2.1.tgz 0ms (cache hit)
2920 http cache is-number@https://registry.npmjs.org/is-number/-/is-number-3.0.0.tgz 0ms (cache hit)
2921 http cache kind-of@https://registry.npmjs.org/kind-of/-/kind-of-3.2.2.tgz 0ms (cache hit)
2922 http cache expand-brackets@https://registry.npmjs.org/expand-brackets/-/expand-brackets-2.1.4.tgz 0ms (cache hit)
2923 http cache debug@https://registry.npmjs.org/debug/-/debug-2.6.9.tgz 0ms (cache hit)
2924 http cache extend-shallow@https://registry.npmjs.org/extend-shallow/-/extend-shallow-2.0.1.tgz 0ms (cache hit)
2925 http cache is-descriptor@https://registry.npmjs.org/is-descriptor/-/is-descriptor-0.1.7.tgz 0ms (cache hit)
2926 http cache define-property@https://registry.npmjs.org/define-property/-/define-property-0.2.5.tgz 0ms (cache hit)
2927 http cache isobject@https://registry.npmjs.org/isobject/-/isobject-3.0.1.tgz 0ms (cache hit)
2928 http cache ms@https://registry.npmjs.org/ms/-/ms-2.0.0.tgz 0ms (cache hit)
2929 http cache kind-of@https://registry.npmjs.org/kind-of/-/kind-of-6.0.3.tgz 0ms (cache hit)
2930 http cache extend-shallow@https://registry.npmjs.org/extend-shallow/-/extend-shallow-2.0.1.tgz 0ms (cache hit)
2931 http cache extglob@https://registry.npmjs.org/extglob/-/extglob-2.0.4.tgz 0ms (cache hit)
2932 http cache fill-range@https://registry.npmjs.org/fill-range/-/fill-range-4.0.0.tgz 0ms (cache hit)
2933 http cache extend-shallow@https://registry.npmjs.org/extend-shallow/-/extend-shallow-2.0.1.tgz 0ms (cache hit)
2934 http cache define-property@https://registry.npmjs.org/define-property/-/define-property-1.0.0.tgz 0ms (cache hit)
2935 http cache braces@https://registry.npmjs.org/braces/-/braces-2.3.2.tgz 0ms (cache hit)
2936 http cache extend-shallow@https://registry.npmjs.org/extend-shallow/-/extend-shallow-2.0.1.tgz 0ms (cache hit)
2937 http cache micromatch@https://registry.npmjs.org/micromatch/-/micromatch-3.1.10.tgz 0ms (cache hit)
2938 http cache arr-diff@https://registry.npmjs.org/arr-diff/-/arr-diff-4.0.0.tgz 0ms (cache hit)
2939 http cache array-unique@https://registry.npmjs.org/array-unique/-/array-unique-0.3.2.tgz 0ms (cache hit)
2940 http cache path-is-absolute@https://registry.npmjs.org/path-is-absolute/-/path-is-absolute-1.0.1.tgz 0ms (cache hit)
2941 http cache is-binary-path@https://registry.npmjs.org/is-binary-path/-/is-binary-path-1.0.1.tgz 0ms (cache hit)
2942 http cache is-glob@https://registry.npmjs.org/is-glob/-/is-glob-2.0.1.tgz 0ms (cache hit)
2943 http cache glob-parent@https://registry.npmjs.org/glob-parent/-/glob-parent-2.0.0.tgz 0ms (cache hit)
2944 http cache async-each@https://registry.npmjs.org/async-each/-/async-each-1.0.6.tgz 0ms (cache hit)
2945 http cache anymatch@https://registry.npmjs.org/anymatch/-/anymatch-1.3.2.tgz 0ms (cache hit)
2946 http cache solparse@https://registry.npmjs.org/solparse/-/solparse-2.2.8.tgz 0ms (cache hit)
2947 http cache solium-plugin-security@https://registry.npmjs.org/solium-plugin-security/-/solium-plugin-security-0.1.1.tgz 0ms (cache hit)
2948 http cache sol-explore@https://registry.npmjs.org/sol-explore/-/sol-explore-1.6.1.tgz 0ms (cache hit)
2949 http cache js-string-escape@https://registry.npmjs.org/js-string-escape/-/js-string-escape-1.0.1.tgz 0ms (cache hit)
2950 http cache sol-digger@https://registry.npmjs.org/sol-digger/-/sol-digger-0.0.2.tgz 0ms (cache hit)
2951 http cache diff@https://registry.npmjs.org/diff/-/diff-3.5.0.tgz 0ms (cache hit)
2952 http cache colors@https://registry.npmjs.org/colors/-/colors-1.4.0.tgz 0ms (cache hit)
2953 http cache chokidar@https://registry.npmjs.org/chokidar/-/chokidar-1.7.0.tgz 0ms (cache hit)
2954 http cache eol@https://registry.npmjs.org/eol/-/eol-0.9.1.tgz 0ms (cache hit)
2955 http cache proto-list@https://registry.npmjs.org/proto-list/-/proto-list-1.2.4.tgz 0ms (cache hit)
2956 http cache config-chain@https://registry.npmjs.org/config-chain/-/config-chain-1.1.13.tgz 0ms (cache hit)
2957 http cache @pnpm/network.ca-file@https://registry.npmjs.org/@pnpm/network.ca-file/-/network.ca-file-1.0.2.tgz 0ms (cache hit)
2958 http cache graceful-fs@https://registry.npmjs.org/graceful-fs/-/graceful-fs-4.2.10.tgz 0ms (cache hit)
2959 http cache @pnpm/config.env-replace@https://registry.npmjs.org/@pnpm/config.env-replace/-/config.env-replace-1.1.0.tgz 0ms (cache hit)
2960 http cache @pnpm/npm-conf@https://registry.npmjs.org/@pnpm/npm-conf/-/npm-conf-2.3.1.tgz 0ms (cache hit)
2961 http cache lines-and-columns@https://registry.npmjs.org/lines-and-columns/-/lines-and-columns-1.2.4.tgz 0ms (cache hit)
2962 http cache is-arrayish@https://registry.npmjs.org/is-arrayish/-/is-arrayish-0.2.1.tgz 0ms (cache hit)
2963 http cache json-parse-even-better-errors@https://registry.npmjs.org/json-parse-even-better-errors/-/json-parse-even-better-errors-2.3.1.tgz 0ms (cache hit)
2964 http cache error-ex@https://registry.npmjs.org/error-ex/-/error-ex-1.3.4.tgz 0ms (cache hit)
2965 http cache callsites@https://registry.npmjs.org/callsites/-/callsites-3.1.0.tgz 0ms (cache hit)
2966 http cache quick-lru@https://registry.npmjs.org/quick-lru/-/quick-lru-5.1.1.tgz 0ms (cache hit)
2967 http cache normalize-url@https://registry.npmjs.org/normalize-url/-/normalize-url-8.1.0.tgz 0ms (cache hit)
2968 http cache resolve-alpn@https://registry.npmjs.org/resolve-alpn/-/resolve-alpn-1.2.1.tgz 0ms (cache hit)
2969 http cache json-buffer@https://registry.npmjs.org/json-buffer/-/json-buffer-3.0.1.tgz 0ms (cache hit)
2970 http cache keyv@https://registry.npmjs.org/keyv/-/keyv-4.5.4.tgz 0ms (cache hit)
2971 http cache http-cache-semantics@https://registry.npmjs.org/http-cache-semantics/-/http-cache-semantics-4.2.0.tgz 0ms (cache hit)
2972 http cache @types/http-cache-semantics@https://registry.npmjs.org/@types/http-cache-semantics/-/http-cache-semantics-4.0.4.tgz 0ms (cache hit)
2973 http cache defer-to-connect@https://registry.npmjs.org/defer-to-connect/-/defer-to-connect-2.0.1.tgz 0ms (cache hit)
2974 http cache responselike@https://registry.npmjs.org/responselike/-/responselike-3.0.0.tgz 0ms (cache hit)
2975 http cache p-cancelable@https://registry.npmjs.org/p-cancelable/-/p-cancelable-3.0.0.tgz 0ms (cache hit)
2976 http cache lowercase-keys@https://registry.npmjs.org/lowercase-keys/-/lowercase-keys-3.0.0.tgz 0ms (cache hit)
2977 http cache http2-wrapper@https://registry.npmjs.org/http2-wrapper/-/http2-wrapper-2.2.1.tgz 0ms (cache hit)
2978 http cache form-data-encoder@https://registry.npmjs.org/form-data-encoder/-/form-data-encoder-2.1.4.tgz 0ms (cache hit)
2979 http cache cacheable-request@https://registry.npmjs.org/cacheable-request/-/cacheable-request-10.2.14.tgz 0ms (cache hit)
2980 http cache get-stream@https://registry.npmjs.org/get-stream/-/get-stream-6.0.1.tgz 0ms (cache hit)
2981 http cache cacheable-lookup@https://registry.npmjs.org/cacheable-lookup/-/cacheable-lookup-7.0.0.tgz 0ms (cache hit)
2982 http cache mimic-response@https://registry.npmjs.org/mimic-response/-/mimic-response-4.0.0.tgz 0ms (cache hit)
2983 http cache @szmarczak/http-timer@https://registry.npmjs.org/@szmarczak/http-timer/-/http-timer-5.0.1.tgz 0ms (cache hit)
2984 http cache registry-url@https://registry.npmjs.org/registry-url/-/registry-url-6.0.1.tgz 0ms (cache hit)
2985 http cache registry-auth-token@https://registry.npmjs.org/registry-auth-token/-/registry-auth-token-5.1.0.tgz 0ms (cache hit)
2986 http cache got@https://registry.npmjs.org/got/-/got-12.6.1.tgz 0ms (cache hit)
2987 http cache @sindresorhus/is@https://registry.npmjs.org/@sindresorhus/is/-/is-5.6.0.tgz 0ms (cache hit)
2988 http cache package-json@https://registry.npmjs.org/package-json/-/package-json-8.1.1.tgz 0ms (cache hit)
2989 http cache resolve-from@https://registry.npmjs.org/resolve-from/-/resolve-from-4.0.0.tgz 0ms (cache hit)
2990 http cache parent-module@https://registry.npmjs.org/parent-module/-/parent-module-1.0.1.tgz 0ms (cache hit)
2991 http cache path-type@https://registry.npmjs.org/path-type/-/path-type-4.0.0.tgz 0ms (cache hit)
2992 http cache import-fresh@https://registry.npmjs.org/import-fresh/-/import-fresh-3.3.1.tgz 0ms (cache hit)
2993 http cache parse-json@https://registry.npmjs.org/parse-json/-/parse-json-5.2.0.tgz 0ms (cache hit)
2994 http cache picocolors@https://registry.npmjs.org/picocolors/-/picocolors-1.1.1.tgz 0ms (cache hit)
2995 http cache js-tokens@https://registry.npmjs.org/js-tokens/-/js-tokens-4.0.0.tgz 0ms (cache hit)
2996 http cache @babel/helper-validator-identifier@https://registry.npmjs.org/@babel/helper-validator-identifier/-/helper-validator-identifier-7.27.1.tgz 0ms (cache hit)
2997 http cache jsonpointer@https://registry.npmjs.org/jsonpointer/-/jsonpointer-5.0.1.tgz 0ms (cache hit)
2998 http cache @humanwhocodes/momoa@https://registry.npmjs.org/@humanwhocodes/momoa/-/momoa-2.0.4.tgz 0ms (cache hit)
2999 http cache @babel/code-frame@https://registry.npmjs.org/@babel/code-frame/-/code-frame-7.27.1.tgz 0ms (cache hit)
3000 http cache json-schema-traverse@https://registry.npmjs.org/json-schema-traverse/-/json-schema-traverse-0.4.1.tgz 0ms (cache hit)
3001 http cache fast-json-stable-stringify@https://registry.npmjs.org/fast-json-stable-stringify/-/fast-json-stable-stringify-2.1.0.tgz 0ms (cache hit)
3002 http cache uri-js@https://registry.npmjs.org/uri-js/-/uri-js-4.4.1.tgz 0ms (cache hit)
3003 http cache fast-deep-equal@https://registry.npmjs.org/fast-deep-equal/-/fast-deep-equal-3.1.3.tgz 0ms (cache hit)
3004 http cache text-table@https://registry.npmjs.org/text-table/-/text-table-0.2.0.tgz 0ms (cache hit)
3005 http cache table@https://registry.npmjs.org/table/-/table-6.9.0.tgz 0ms (cache hit)
3006 http cache json-schema-traverse@https://registry.npmjs.org/json-schema-traverse/-/json-schema-traverse-1.0.0.tgz 0ms (cache hit)
3007 http cache ajv@https://registry.npmjs.org/ajv/-/ajv-8.17.1.tgz 0ms (cache hit)
3008 http cache strip-ansi@https://registry.npmjs.org/strip-ansi/-/strip-ansi-6.0.1.tgz 0ms (cache hit)
3009 http cache pluralize@https://registry.npmjs.org/pluralize/-/pluralize-8.0.0.tgz 0ms (cache hit)
3010 http cache lodash@https://registry.npmjs.org/lodash/-/lodash-4.17.21.tgz 0ms (cache hit)
3011 http cache latest-version@https://registry.npmjs.org/latest-version/-/latest-version-7.0.0.tgz 0ms (cache hit)
3012 http cache js-yaml@https://registry.npmjs.org/js-yaml/-/js-yaml-4.1.0.tgz 0ms (cache hit)
3013 http cache fast-diff@https://registry.npmjs.org/fast-diff/-/fast-diff-1.3.0.tgz 0ms (cache hit)
3014 http cache ignore@https://registry.npmjs.org/ignore/-/ignore-5.3.2.tgz 1ms (cache hit)
3015 http cache better-ajv-errors@https://registry.npmjs.org/better-ajv-errors/-/better-ajv-errors-2.0.2.tgz 0ms (cache hit)
3016 http cache cosmiconfig@https://registry.npmjs.org/cosmiconfig/-/cosmiconfig-8.3.6.tgz 0ms (cache hit)
3017 http cache color-name@https://registry.npmjs.org/color-name/-/color-name-1.1.4.tgz 0ms (cache hit)
3018 http cache color-convert@https://registry.npmjs.org/color-convert/-/color-convert-2.0.1.tgz 0ms (cache hit)
3019 http cache has-flag@https://registry.npmjs.org/has-flag/-/has-flag-4.0.0.tgz 0ms (cache hit)
3020 http cache ansi-styles@https://registry.npmjs.org/ansi-styles/-/ansi-styles-4.3.0.tgz 0ms (cache hit)
3021 http cache supports-color@https://registry.npmjs.org/supports-color/-/supports-color-7.2.0.tgz 0ms (cache hit)
3022 http cache chalk@https://registry.npmjs.org/chalk/-/chalk-4.1.2.tgz 0ms (cache hit)
3023 http cache ast-parents@https://registry.npmjs.org/ast-parents/-/ast-parents-0.0.1.tgz 0ms (cache hit)
3024 http cache antlr4@https://registry.npmjs.org/antlr4/-/antlr4-4.13.2.tgz 0ms (cache hit)
3025 http cache ajv-errors@https://registry.npmjs.org/ajv-errors/-/ajv-errors-1.0.1.tgz 0ms (cache hit)
3026 http cache ajv@https://registry.npmjs.org/ajv/-/ajv-6.12.6.tgz 0ms (cache hit)
3027 http cache memorystream@https://registry.npmjs.org/memorystream/-/memorystream-0.3.1.tgz 0ms (cache hit)
3028 http cache command-exists@https://registry.npmjs.org/command-exists/-/command-exists-1.2.9.tgz 0ms (cache hit)
3029 http cache js-sha3@https://registry.npmjs.org/js-sha3/-/js-sha3-0.8.0.tgz 0ms (cache hit)
3030 http cache mimic-response@https://registry.npmjs.org/mimic-response/-/mimic-response-3.1.0.tgz 0ms (cache hit)
3031 http cache simple-concat@https://registry.npmjs.org/simple-concat/-/simple-concat-1.0.1.tgz 0ms (cache hit)
3032 http cache strip-json-comments@https://registry.npmjs.org/strip-json-comments/-/strip-json-comments-2.0.1.tgz 0ms (cache hit)
3033 http cache mute-stream@https://registry.npmjs.org/mute-stream/-/mute-stream-0.0.8.tgz 0ms (cache hit)
3034 http cache decompress-response@https://registry.npmjs.org/decompress-response/-/decompress-response-6.0.0.tgz 0ms (cache hit)
3035 http cache ini@https://registry.npmjs.org/ini/-/ini-1.3.8.tgz 0ms (cache hit)
3036 http cache deep-extend@https://registry.npmjs.org/deep-extend/-/deep-extend-0.6.0.tgz 0ms (cache hit)
3037 http cache end-of-stream@https://registry.npmjs.org/end-of-stream/-/end-of-stream-1.4.5.tgz 0ms (cache hit)
3038 http cache @solidity-parser/parser@https://registry.npmjs.org/@solidity-parser/parser/-/parser-0.20.2.tgz 0ms (cache hit)
3039 http cache tunnel-agent@https://registry.npmjs.org/tunnel-agent/-/tunnel-agent-0.6.0.tgz 0ms (cache hit)
3040 http cache simple-get@https://registry.npmjs.org/simple-get/-/simple-get-4.0.1.tgz 0ms (cache hit)
3041 http cache rc@https://registry.npmjs.org/rc/-/rc-1.2.8.tgz 1ms (cache hit)
3042 http cache pump@https://registry.npmjs.org/pump/-/pump-3.0.3.tgz 0ms (cache hit)
3043 http cache node-abi@https://registry.npmjs.org/node-abi/-/node-abi-3.77.0.tgz 0ms (cache hit)
3044 http cache tar-fs@https://registry.npmjs.org/tar-fs/-/tar-fs-2.1.4.tgz 0ms (cache hit)
3045 http cache napi-build-utils@https://registry.npmjs.org/napi-build-utils/-/napi-build-utils-2.0.0.tgz 0ms (cache hit)
3046 http cache mkdirp-classic@https://registry.npmjs.org/mkdirp-classic/-/mkdirp-classic-0.5.3.tgz 0ms (cache hit)
3047 http cache minimist@https://registry.npmjs.org/minimist/-/minimist-1.2.8.tgz 0ms (cache hit)
3048 http cache github-from-package@https://registry.npmjs.org/github-from-package/-/github-from-package-0.0.0.tgz 0ms (cache hit)
3049 http cache detect-libc@https://registry.npmjs.org/detect-libc/-/detect-libc-2.1.1.tgz 0ms (cache hit)
3050 http cache expand-template@https://registry.npmjs.org/expand-template/-/expand-template-2.0.3.tgz 0ms (cache hit)
3051 http cache run-applescript@https://registry.npmjs.org/run-applescript/-/run-applescript-7.1.0.tgz 0ms (cache hit)
3052 http cache is-docker@https://registry.npmjs.org/is-docker/-/is-docker-3.0.0.tgz 0ms (cache hit)
3053 http cache default-browser-id@https://registry.npmjs.org/default-browser-id/-/default-browser-id-5.0.0.tgz 0ms (cache hit)
3054 http cache bundle-name@https://registry.npmjs.org/bundle-name/-/bundle-name-4.1.0.tgz 0ms (cache hit)
3055 http cache is-inside-container@https://registry.npmjs.org/is-inside-container/-/is-inside-container-1.0.0.tgz 0ms (cache hit)
3056 http cache wsl-utils@https://registry.npmjs.org/wsl-utils/-/wsl-utils-0.1.0.tgz 0ms (cache hit)
3057 http cache define-lazy-prop@https://registry.npmjs.org/define-lazy-prop/-/define-lazy-prop-3.0.0.tgz 0ms (cache hit)
3058 http cache default-browser@https://registry.npmjs.org/default-browser/-/default-browser-5.2.1.tgz 0ms (cache hit)
3059 http cache balanced-match@https://registry.npmjs.org/balanced-match/-/balanced-match-1.0.2.tgz 0ms (cache hit)
3060 http cache concat-map@https://registry.npmjs.org/concat-map/-/concat-map-0.0.1.tgz 0ms (cache hit)
3061 http cache brace-expansion@https://registry.npmjs.org/brace-expansion/-/brace-expansion-1.1.12.tgz 0ms (cache hit)
3062 http cache mime-db@https://registry.npmjs.org/mime-db/-/mime-db-1.52.0.tgz 0ms (cache hit)
3063 http cache uc.micro@https://registry.npmjs.org/uc.micro/-/uc.micro-1.0.6.tgz 0ms (cache hit)
3064 http cache mdurl@https://registry.npmjs.org/mdurl/-/mdurl-1.0.1.tgz 0ms (cache hit)
3065 http cache linkify-it@https://registry.npmjs.org/linkify-it/-/linkify-it-3.0.3.tgz 0ms (cache hit)
3066 http cache argparse@https://registry.npmjs.org/argparse/-/argparse-2.0.1.tgz 0ms (cache hit)
3067 http cache prebuild-install@https://registry.npmjs.org/prebuild-install/-/prebuild-install-7.1.3.tgz 0ms (cache hit)
3068 http cache yallist@https://registry.npmjs.org/yallist/-/yallist-4.0.0.tgz 0ms (cache hit)
3069 http cache node-addon-api@https://registry.npmjs.org/node-addon-api/-/node-addon-api-4.3.0.tgz 0ms (cache hit)
3070 http cache ecdsa-sig-formatter@https://registry.npmjs.org/ecdsa-sig-formatter/-/ecdsa-sig-formatter-1.0.11.tgz 0ms (cache hit)
3071 http cache buffer-equal-constant-time@https://registry.npmjs.org/buffer-equal-constant-time/-/buffer-equal-constant-time-1.0.1.tgz 0ms (cache hit)
3072 http cache safe-buffer@https://registry.npmjs.org/safe-buffer/-/safe-buffer-5.2.1.tgz 0ms (cache hit)
3073 http cache jwa@https://registry.npmjs.org/jwa/-/jwa-1.4.2.tgz 0ms (cache hit)
3074 http cache lodash.isstring@https://registry.npmjs.org/lodash.isstring/-/lodash.isstring-4.0.1.tgz 0ms (cache hit)
3075 http cache lodash.isplainobject@https://registry.npmjs.org/lodash.isplainobject/-/lodash.isplainobject-4.0.6.tgz 0ms (cache hit)
3076 http cache lodash.isnumber@https://registry.npmjs.org/lodash.isnumber/-/lodash.isnumber-3.0.3.tgz 0ms (cache hit)
3077 http cache lodash.once@https://registry.npmjs.org/lodash.once/-/lodash.once-4.1.1.tgz 0ms (cache hit)
3078 http cache lodash.isinteger@https://registry.npmjs.org/lodash.isinteger/-/lodash.isinteger-4.0.4.tgz 0ms (cache hit)
3079 http cache lodash.isboolean@https://registry.npmjs.org/lodash.isboolean/-/lodash.isboolean-3.0.3.tgz 0ms (cache hit)
3080 http cache lodash.includes@https://registry.npmjs.org/lodash.includes/-/lodash.includes-4.3.0.tgz 0ms (cache hit)
3081 http cache wrappy@https://registry.npmjs.org/wrappy/-/wrappy-1.0.2.tgz 0ms (cache hit)
3082 http cache jws@https://registry.npmjs.org/jws/-/jws-3.2.2.tgz 0ms (cache hit)
3083 http cache safer-buffer@https://registry.npmjs.org/safer-buffer/-/safer-buffer-2.1.2.tgz 0ms (cache hit)
3084 http cache agent-base@https://registry.npmjs.org/agent-base/-/agent-base-7.1.4.tgz 0ms (cache hit)
3085 http cache ms@https://registry.npmjs.org/ms/-/ms-2.1.3.tgz 0ms (cache hit)
3086 http cache lru-cache@https://registry.npmjs.org/lru-cache/-/lru-cache-6.0.0.tgz 0ms (cache hit)
3087 http cache debug@https://registry.npmjs.org/debug/-/debug-4.4.3.tgz 0ms (cache hit)
3088 http cache once@https://registry.npmjs.org/once/-/once-1.4.0.tgz 0ms (cache hit)
3089 http cache inherits@https://registry.npmjs.org/inherits/-/inherits-2.0.4.tgz 0ms (cache hit)
3090 http cache inflight@https://registry.npmjs.org/inflight/-/inflight-1.0.6.tgz 0ms (cache hit)
3091 http cache fs.realpath@https://registry.npmjs.org/fs.realpath/-/fs.realpath-1.0.0.tgz 0ms (cache hit)
3092 http cache math-intrinsics@https://registry.npmjs.org/math-intrinsics/-/math-intrinsics-1.1.0.tgz 0ms (cache hit)
3093 http cache has-symbols@https://registry.npmjs.org/has-symbols/-/has-symbols-1.1.0.tgz 0ms (cache hit)
3094 http cache dunder-proto@https://registry.npmjs.org/dunder-proto/-/dunder-proto-1.0.1.tgz 0ms (cache hit)
3095 http cache gopd@https://registry.npmjs.org/gopd/-/gopd-1.2.0.tgz 0ms (cache hit)
3096 http cache get-proto@https://registry.npmjs.org/get-proto/-/get-proto-1.0.1.tgz 0ms (cache hit)
3097 http cache function-bind@https://registry.npmjs.org/function-bind/-/function-bind-1.1.2.tgz 0ms (cache hit)
3098 http cache es-object-atoms@https://registry.npmjs.org/es-object-atoms/-/es-object-atoms-1.1.1.tgz 0ms (cache hit)
3099 http cache es-define-property@https://registry.npmjs.org/es-define-property/-/es-define-property-1.0.1.tgz 0ms (cache hit)
3100 http cache call-bind-apply-helpers@https://registry.npmjs.org/call-bind-apply-helpers/-/call-bind-apply-helpers-1.0.2.tgz 0ms (cache hit)
3101 http cache jsonfile@https://registry.npmjs.org/jsonfile/-/jsonfile-4.0.0.tgz 0ms (cache hit)
3102 http cache universalify@https://registry.npmjs.org/universalify/-/universalify-0.1.2.tgz 0ms (cache hit)
3103 http cache has-tostringtag@https://registry.npmjs.org/has-tostringtag/-/has-tostringtag-1.0.2.tgz 0ms (cache hit)
3104 http cache graceful-fs@https://registry.npmjs.org/graceful-fs/-/graceful-fs-4.2.11.tgz 0ms (cache hit)
3105 http cache get-intrinsic@https://registry.npmjs.org/get-intrinsic/-/get-intrinsic-1.3.0.tgz 0ms (cache hit)
3106 http cache es-errors@https://registry.npmjs.org/es-errors/-/es-errors-1.3.0.tgz 0ms (cache hit)
3107 http cache delayed-stream@https://registry.npmjs.org/delayed-stream/-/delayed-stream-1.0.0.tgz 0ms (cache hit)
3108 http cache mime-types@https://registry.npmjs.org/mime-types/-/mime-types-2.1.35.tgz 0ms (cache hit)
3109 http cache hasown@https://registry.npmjs.org/hasown/-/hasown-2.0.2.tgz 0ms (cache hit)
3110 http cache es-set-tostringtag@https://registry.npmjs.org/es-set-tostringtag/-/es-set-tostringtag-2.1.0.tgz 0ms (cache hit)
3111 http cache asynckit@https://registry.npmjs.org/asynckit/-/asynckit-0.4.0.tgz 0ms (cache hit)
3112 http cache combined-stream@https://registry.npmjs.org/combined-stream/-/combined-stream-1.0.8.tgz 0ms (cache hit)
3113 http cache whatwg-encoding@https://registry.npmjs.org/whatwg-encoding/-/whatwg-encoding-3.1.1.tgz 0ms (cache hit)
3114 http cache iconv-lite@https://registry.npmjs.org/iconv-lite/-/iconv-lite-0.6.3.tgz 0ms (cache hit)
3115 http cache color-name@https://registry.npmjs.org/color-name/-/color-name-1.1.3.tgz 0ms (cache hit)
3116 http cache nth-check@https://registry.npmjs.org/nth-check/-/nth-check-2.1.1.tgz 0ms (cache hit)
3117 http cache domelementtype@https://registry.npmjs.org/domelementtype/-/domelementtype-2.3.0.tgz 0ms (cache hit)
3118 http cache css-what@https://registry.npmjs.org/css-what/-/css-what-6.2.2.tgz 0ms (cache hit)
3119 http cache entities@https://registry.npmjs.org/entities/-/entities-4.5.0.tgz 0ms (cache hit)
3120 http cache boolbase@https://registry.npmjs.org/boolbase/-/boolbase-1.0.0.tgz 0ms (cache hit)
3121 http cache whatwg-mimetype@https://registry.npmjs.org/whatwg-mimetype/-/whatwg-mimetype-4.0.0.tgz 0ms (cache hit)
3122 http cache css-select@https://registry.npmjs.org/css-select/-/css-select-5.2.2.tgz 0ms (cache hit)
3123 http cache undici@https://registry.npmjs.org/undici/-/undici-7.16.0.tgz 0ms (cache hit)
3124 http cache parse5-parser-stream@https://registry.npmjs.org/parse5-parser-stream/-/parse5-parser-stream-7.1.2.tgz 0ms (cache hit)
3125 http cache parse5-htmlparser2-tree-adapter@https://registry.npmjs.org/parse5-htmlparser2-tree-adapter/-/parse5-htmlparser2-tree-adapter-7.1.0.tgz 0ms (cache hit)
3126 http cache parse5@https://registry.npmjs.org/parse5/-/parse5-7.3.0.tgz 0ms (cache hit)
3127 http cache htmlparser2@https://registry.npmjs.org/htmlparser2/-/htmlparser2-10.0.0.tgz 0ms (cache hit)
3128 http cache entities@https://registry.npmjs.org/entities/-/entities-6.0.1.tgz 0ms (cache hit)
3129 http cache entities@https://registry.npmjs.org/entities/-/entities-6.0.1.tgz 0ms (cache hit)
3130 http cache encoding-sniffer@https://registry.npmjs.org/encoding-sniffer/-/encoding-sniffer-0.2.1.tgz 0ms (cache hit)
3131 http cache domhandler@https://registry.npmjs.org/domhandler/-/domhandler-5.0.3.tgz 0ms (cache hit)
3132 http cache dom-serializer@https://registry.npmjs.org/dom-serializer/-/dom-serializer-2.0.0.tgz 0ms (cache hit)
3133 http cache domutils@https://registry.npmjs.org/domutils/-/domutils-3.2.2.tgz 0ms (cache hit)
3134 http cache cheerio-select@https://registry.npmjs.org/cheerio-select/-/cheerio-select-2.1.0.tgz 0ms (cache hit)
3135 http cache color-convert@https://registry.npmjs.org/color-convert/-/color-convert-1.9.3.tgz 0ms (cache hit)
3136 http cache supports-color@https://registry.npmjs.org/supports-color/-/supports-color-5.5.0.tgz 0ms (cache hit)
3137 http cache escape-string-regexp@https://registry.npmjs.org/escape-string-regexp/-/escape-string-regexp-1.0.5.tgz 0ms (cache hit)
3138 http cache ansi-styles@https://registry.npmjs.org/ansi-styles/-/ansi-styles-3.2.1.tgz 0ms (cache hit)
3139 http cache tunnel@https://registry.npmjs.org/tunnel/-/tunnel-0.0.6.tgz 0ms (cache hit)
3140 http cache follow-redirects@https://registry.npmjs.org/follow-redirects/-/follow-redirects-1.15.11.tgz 0ms (cache hit)
3141 http cache @vscode/vsce-sign-linux-x64@https://registry.npmjs.org/@vscode/vsce-sign-linux-x64/-/vsce-sign-linux-x64-2.0.6.tgz 0ms (cache hit)
3142 http cache https-proxy-agent@https://registry.npmjs.org/https-proxy-agent/-/https-proxy-agent-7.0.6.tgz 0ms (cache hit)
3143 http cache http-proxy-agent@https://registry.npmjs.org/http-proxy-agent/-/http-proxy-agent-7.0.2.tgz 0ms (cache hit)
3144 http cache proxy-from-env@https://registry.npmjs.org/proxy-from-env/-/proxy-from-env-1.1.0.tgz 0ms (cache hit)
3145 http cache uuid@https://registry.npmjs.org/uuid/-/uuid-8.3.2.tgz 0ms (cache hit)
3146 http cache @azure/msal-common@https://registry.npmjs.org/@azure/msal-common/-/msal-common-15.13.0.tgz 0ms (cache hit)
3147 http cache jsonwebtoken@https://registry.npmjs.org/jsonwebtoken/-/jsonwebtoken-9.0.2.tgz 0ms (cache hit)
3148 http cache tslib@https://registry.npmjs.org/tslib/-/tslib-2.8.1.tgz 0ms (cache hit)
3149 http cache @typespec/ts-http-runtime@https://registry.npmjs.org/@typespec/ts-http-runtime/-/ts-http-runtime-0.3.1.tgz 0ms (cache hit)
3150 http cache open@https://registry.npmjs.org/open/-/open-10.2.0.tgz 0ms (cache hit)
3151 http cache @azure/msal-node@https://registry.npmjs.org/@azure/msal-node/-/msal-node-3.8.0.tgz 0ms (cache hit)
3152 http cache @azure/msal-browser@https://registry.npmjs.org/@azure/msal-browser/-/msal-browser-4.24.0.tgz 0ms (cache hit)
3153 http cache @azure/core-util@https://registry.npmjs.org/@azure/core-util/-/core-util-1.13.1.tgz 0ms (cache hit)
3154 http cache @azure/logger@https://registry.npmjs.org/@azure/logger/-/logger-1.3.0.tgz 0ms (cache hit)
3155 http cache @azure/core-tracing@https://registry.npmjs.org/@azure/core-tracing/-/core-tracing-1.3.1.tgz 0ms (cache hit)
3156 http cache @azure/core-rest-pipeline@https://registry.npmjs.org/@azure/core-rest-pipeline/-/core-rest-pipeline-1.22.1.tgz 0ms (cache hit)
3157 http cache @azure/core-client@https://registry.npmjs.org/@azure/core-client/-/core-client-1.10.1.tgz 0ms (cache hit)
3158 http cache @azure/core-auth@https://registry.npmjs.org/@azure/core-auth/-/core-auth-1.10.1.tgz 0ms (cache hit)
3159 http cache @azure/abort-controller@https://registry.npmjs.org/@azure/abort-controller/-/abort-controller-2.1.2.tgz 0ms (cache hit)
3160 http cache yauzl@https://registry.npmjs.org/yauzl/-/yauzl-2.10.0.tgz 0ms (cache hit)
3161 http cache yazl@https://registry.npmjs.org/yazl/-/yazl-2.5.1.tgz 0ms (cache hit)
3162 http cache xml2js@https://registry.npmjs.org/xml2js/-/xml2js-0.5.0.tgz 0ms (cache hit)
3163 http cache url-join@https://registry.npmjs.org/url-join/-/url-join-4.0.1.tgz 0ms (cache hit)
3164 http cache tmp@https://registry.npmjs.org/tmp/-/tmp-0.2.5.tgz 0ms (cache hit)
3165 http cache semver@https://registry.npmjs.org/semver/-/semver-7.7.2.tgz 0ms (cache hit)
3166 http cache read@https://registry.npmjs.org/read/-/read-1.0.7.tgz 0ms (cache hit)
3167 http cache typed-rest-client@https://registry.npmjs.org/typed-rest-client/-/typed-rest-client-1.8.11.tgz 0ms (cache hit)
3168 http cache parse-semver@https://registry.npmjs.org/parse-semver/-/parse-semver-1.1.1.tgz 0ms (cache hit)
3169 http cache semver@https://registry.npmjs.org/semver/-/semver-5.7.2.tgz 0ms (cache hit)
3170 http cache minimatch@https://registry.npmjs.org/minimatch/-/minimatch-3.1.2.tgz 0ms (cache hit)
3171 http cache mime@https://registry.npmjs.org/mime/-/mime-1.6.0.tgz 0ms (cache hit)
3172 http cache markdown-it@https://registry.npmjs.org/markdown-it/-/markdown-it-12.3.2.tgz 0ms (cache hit)
3173 http cache entities@https://registry.npmjs.org/entities/-/entities-2.1.0.tgz 0ms (cache hit)
3174 http cache leven@https://registry.npmjs.org/leven/-/leven-3.1.0.tgz 0ms (cache hit)
3175 http cache keytar@https://registry.npmjs.org/keytar/-/keytar-7.9.0.tgz 0ms (cache hit)
3176 http cache hosted-git-info@https://registry.npmjs.org/hosted-git-info/-/hosted-git-info-4.1.0.tgz 0ms (cache hit)
3177 http cache form-data@https://registry.npmjs.org/form-data/-/form-data-4.0.4.tgz 0ms (cache hit)
3178 http cache jsonc-parser@https://registry.npmjs.org/jsonc-parser/-/jsonc-parser-3.3.1.tgz 0ms (cache hit)
3179 http cache commander@https://registry.npmjs.org/commander/-/commander-6.2.1.tgz 0ms (cache hit)
3180 http cache cockatiel@https://registry.npmjs.org/cockatiel/-/cockatiel-3.2.1.tgz 0ms (cache hit)
3181 http cache cheerio@https://registry.npmjs.org/cheerio/-/cheerio-1.1.2.tgz 0ms (cache hit)
3182 http cache chalk@https://registry.npmjs.org/chalk/-/chalk-2.4.2.tgz 0ms (cache hit)
3183 http cache @vscode/vsce-sign@https://registry.npmjs.org/@vscode/vsce-sign/-/vsce-sign-2.0.7.tgz 0ms (cache hit)
3184 http cache @azure/identity@https://registry.npmjs.org/@azure/identity/-/identity-4.12.0.tgz 0ms (cache hit)
3185 http cache yaml-js@https://registry.npmjs.org/yaml-js/-/yaml-js-0.2.3.tgz 0ms (cache hit)
3186 http cache azure-devops-node-api@https://registry.npmjs.org/azure-devops-node-api/-/azure-devops-node-api-12.5.0.tgz 0ms (cache hit)
3187 http cache vscode-uri@https://registry.npmjs.org/vscode-uri/-/vscode-uri-3.0.2.tgz 0ms (cache hit)
3188 http cache vscode-languageserver-textdocument@https://registry.npmjs.org/vscode-languageserver-textdocument/-/vscode-languageserver-textdocument-1.0.12.tgz 0ms (cache hit)
3189 http cache vscode-languageserver@https://registry.npmjs.org/vscode-languageserver/-/vscode-languageserver-8.1.0.tgz 0ms (cache hit)
3190 http cache vscode-languageclient@https://registry.npmjs.org/vscode-languageclient/-/vscode-languageclient-8.1.0.tgz 0ms (cache hit)
3191 http cache brace-expansion@https://registry.npmjs.org/brace-expansion/-/brace-expansion-2.0.2.tgz 0ms (cache hit)
3192 http cache minimatch@https://registry.npmjs.org/minimatch/-/minimatch-5.1.6.tgz 0ms (cache hit)
3193 http cache solparse-exp-jb@https://registry.npmjs.org/solparse-exp-jb/-/solparse-exp-jb-4.0.0.tgz 0ms (cache hit)
3194 http cache solium@https://registry.npmjs.org/solium/-/solium-1.2.5.tgz 0ms (cache hit)
3195 http cache json-schema-traverse@https://registry.npmjs.org/json-schema-traverse/-/json-schema-traverse-0.3.1.tgz 0ms (cache hit)
3196 http cache ajv@https://registry.npmjs.org/ajv/-/ajv-5.5.2.tgz 0ms (cache hit)
3197 http cache commander@https://registry.npmjs.org/commander/-/commander-2.20.3.tgz 0ms (cache hit)
3198 http cache fast-deep-equal@https://registry.npmjs.org/fast-deep-equal/-/fast-deep-equal-1.1.0.tgz 0ms (cache hit)
3199 http cache solhint@https://registry.npmjs.org/solhint/-/solhint-5.2.0.tgz 0ms (cache hit)
3200 http cache universalify@https://registry.npmjs.org/universalify/-/universalify-2.0.1.tgz 0ms (cache hit)
3201 http cache jsonfile@https://registry.npmjs.org/jsonfile/-/jsonfile-6.2.0.tgz 0ms (cache hit)
3202 http cache color-name@https://registry.npmjs.org/color-name/-/color-name-1.1.4.tgz 0ms (cache hit)
3203 http cache color-convert@https://registry.npmjs.org/color-convert/-/color-convert-2.0.1.tgz 0ms (cache hit)
3204 http cache has-flag@https://registry.npmjs.org/has-flag/-/has-flag-4.0.0.tgz 0ms (cache hit)
3205 http cache supports-color@https://registry.npmjs.org/supports-color/-/supports-color-7.2.0.tgz 0ms (cache hit)
3206 http cache ansi-styles@https://registry.npmjs.org/ansi-styles/-/ansi-styles-4.3.0.tgz 0ms (cache hit)
3207 http cache prettier@https://registry.npmjs.org/prettier/-/prettier-2.8.8.tgz 0ms (cache hit)
3208 http cache fs-extra@https://registry.npmjs.org/fs-extra/-/fs-extra-11.3.2.tgz 0ms (cache hit)
3209 http cache commander@https://registry.npmjs.org/commander/-/commander-10.0.1.tgz 0ms (cache hit)
3210 http cache chalk@https://registry.npmjs.org/chalk/-/chalk-4.1.2.tgz 0ms (cache hit)
3211 http cache solc@https://registry.npmjs.org/solc/-/solc-0.8.30.tgz 0ms (cache hit)
3212 http cache semver@https://registry.npmjs.org/semver/-/semver-5.7.2.tgz 1ms (cache hit)
3213 http cache tmp@https://registry.npmjs.org/tmp/-/tmp-0.0.33.tgz 0ms (cache hit)
3214 http cache commander@https://registry.npmjs.org/commander/-/commander-8.3.0.tgz 0ms (cache hit)
3215 http cache prettier-plugin-solidity@https://registry.npmjs.org/prettier-plugin-solidity/-/prettier-plugin-solidity-1.4.3.tgz 0ms (cache hit)
3216 http cache prettier@https://registry.npmjs.org/prettier/-/prettier-3.6.2.tgz 0ms (cache hit)
3217 http cache fs-extra@https://registry.npmjs.org/fs-extra/-/fs-extra-5.0.0.tgz 0ms (cache hit)
3218 http cache nethereum-codegen@https://registry.npmjs.org/nethereum-codegen/-/nethereum-codegen-3.0.4.tgz 0ms (cache hit)
3219 http cache nethereum-codegen-old@https://registry.npmjs.org/nethereum-codegen/-/nethereum-codegen-1.0.29.tgz 0ms (cache hit)
3220 http cache fs-extra@https://registry.npmjs.org/fs-extra/-/fs-extra-5.0.0.tgz 0ms (cache hit)
3221 http cache brace-expansion@https://registry.npmjs.org/brace-expansion/-/brace-expansion-2.0.2.tgz 0ms (cache hit)
3222 http cache glob@https://registry.npmjs.org/glob/-/glob-8.1.0.tgz 0ms (cache hit)
3223 http cache fs-extra@https://registry.npmjs.org/fs-extra/-/fs-extra-4.0.3.tgz 0ms (cache hit)
3224 http cache minimatch@https://registry.npmjs.org/minimatch/-/minimatch-5.1.6.tgz 0ms (cache hit)
3225 http cache @vscode/vsce@https://registry.npmjs.org/@vscode/vsce/-/vsce-2.32.0.tgz 0ms (cache hit)
3226 http cache @iarna/toml@https://registry.npmjs.org/@iarna/toml/-/toml-2.2.5.tgz 0ms (cache hit)
3227 http cache glob@https://registry.npmjs.org/glob/-/glob-7.2.3.tgz 0ms (cache hit)
3228 http cache axios@https://registry.npmjs.org/axios/-/axios-1.12.2.tgz 0ms (cache hit)
3229 silly tarball no local data for @vscode/vsce-sign-linux-x64@https://registry.npmjs.org/@vscode/vsce-sign-linux-x64/-/vsce-sign-linux-x64-2.0.6.tgz. Extracting by manifest.
3230 silly tarball no local data for solc@https://registry.npmjs.org/solc/-/solc-0.8.30.tgz. Extracting by manifest.
3231 http fetch POST 200 https://registry.npmjs.org/-/npm/v1/security/advisories/bulk 1372ms
3232 silly audit report {
3232 silly audit report   tmp: [
3232 silly audit report     {
3232 silly audit report       id: 1106849,
3232 silly audit report       url: 'https://github.com/advisories/GHSA-52f5-9888-hmc6',
3232 silly audit report       title: 'tmp allows arbitrary temporary file / directory write via symbolic link `dir` parameter',
3232 silly audit report       severity: 'low',
3232 silly audit report       vulnerable_versions: '<=0.2.3',
3232 silly audit report       cwe: [Array],
3232 silly audit report       cvss: [Object]
3232 silly audit report     }
3232 silly audit report   ],
3232 silly audit report   minimist: [
3232 silly audit report     {
3232 silly audit report       id: 1097677,
3232 silly audit report       url: 'https://github.com/advisories/GHSA-xvch-5gv4-984h',
3232 silly audit report       title: 'Prototype Pollution in minimist',
3232 silly audit report       severity: 'critical',
3232 silly audit report       vulnerable_versions: '<0.2.4',
3232 silly audit report       cwe: [Array],
3232 silly audit report       cvss: [Object]
3232 silly audit report     },
3232 silly audit report     {
3232 silly audit report       id: 1096466,
3232 silly audit report       url: 'https://github.com/advisories/GHSA-vh95-rmgr-6w4m',
3232 silly audit report       title: 'Prototype Pollution in minimist',
3232 silly audit report       severity: 'moderate',
3232 silly audit report       vulnerable_versions: '<0.2.1',
3232 silly audit report       cwe: [Array],
3232 silly audit report       cvss: [Object]
3232 silly audit report     }
3232 silly audit report   ],
3232 silly audit report   ajv: [
3232 silly audit report     {
3232 silly audit report       id: 1097685,
3232 silly audit report       url: 'https://github.com/advisories/GHSA-v88g-cgmw-v5xw',
3232 silly audit report       title: 'Prototype Pollution in Ajv',
3232 silly audit report       severity: 'moderate',
3232 silly audit report       vulnerable_versions: '<6.12.3',
3232 silly audit report       cwe: [Array],
3232 silly audit report       cvss: [Object]
3232 silly audit report     }
3232 silly audit report   ],
3232 silly audit report   diff: [
3232 silly audit report     {
3232 silly audit report       id: 1102333,
3232 silly audit report       url: 'https://github.com/advisories/GHSA-h6ch-v84p-w6p9',
3232 silly audit report       title: 'Regular Expression Denial of Service (ReDoS)',
3232 silly audit report       severity: 'high',
3232 silly audit report       vulnerable_versions: '<3.5.0',
3232 silly audit report       cwe: [Array],
3232 silly audit report       cvss: [Object]
3232 silly audit report     }
3232 silly audit report   ],
3232 silly audit report   micromatch: [
3232 silly audit report     {
3232 silly audit report       id: 1098681,
3232 silly audit report       url: 'https://github.com/advisories/GHSA-952p-6rrq-rcjv',
3232 silly audit report       title: 'Regular Expression Denial of Service (ReDoS) in micromatch',
3232 silly audit report       severity: 'moderate',
3232 silly audit report       vulnerable_versions: '<4.0.8',
3232 silly audit report       cwe: [Array],
3232 silly audit report       cvss: [Object]
3232 silly audit report     }
3232 silly audit report   ],
3232 silly audit report   braces: [
3232 silly audit report     {
3232 silly audit report       id: 1089939,
3232 silly audit report       url: 'https://github.com/advisories/GHSA-cwfw-4gq5-mrqx',
3232 silly audit report       title: 'Regular Expression Denial of Service (ReDoS) in braces',
3232 silly audit report       severity: 'low',
3232 silly audit report       vulnerable_versions: '<2.3.1',
3232 silly audit report       cwe: [Array],
3232 silly audit report       cvss: [Object]
3232 silly audit report     },
3232 silly audit report     {
3232 silly audit report       id: 1098094,
3232 silly audit report       url: 'https://github.com/advisories/GHSA-grv7-fg5c-xmjg',
3232 silly audit report       title: 'Uncontrolled resource consumption in braces',
3232 silly audit report       severity: 'high',
3232 silly audit report       vulnerable_versions: '<3.0.3',
3232 silly audit report       cwe: [Array],
3232 silly audit report       cvss: [Object]
3232 silly audit report     },
3232 silly audit report     {
3232 silly audit report       id: 1085715,
3232 silly audit report       url: 'https://github.com/advisories/GHSA-g95f-p29q-9xw4',
3232 silly audit report       title: 'Regular Expression Denial of Service in braces',
3232 silly audit report       severity: 'low',
3232 silly audit report       vulnerable_versions: '<2.3.1',
3232 silly audit report       cwe: [Array],
3232 silly audit report       cvss: [Object]
3232 silly audit report     }
3232 silly audit report   ],
3232 silly audit report   'yargs-parser': [
3232 silly audit report     {
3232 silly audit report       id: 1088811,
3232 silly audit report       url: 'https://github.com/advisories/GHSA-p9pc-299p-vxgp',
3232 silly audit report       title: 'yargs-parser Vulnerable to Prototype Pollution',
3232 silly audit report       severity: 'moderate',
3232 silly audit report       vulnerable_versions: '>=6.0.0 <13.1.2',
3232 silly audit report       cwe: [Array],
3232 silly audit report       cvss: [Object]
3232 silly audit report     }
3232 silly audit report   ],
3232 silly audit report   mem: [
3232 silly audit report     {
3232 silly audit report       id: 1085685,
3232 silly audit report       url: 'https://github.com/advisories/GHSA-4xcv-9jjx-gfj3',
3232 silly audit report       title: 'Denial of Service in mem',
3232 silly audit report       severity: 'moderate',
3232 silly audit report       vulnerable_versions: '<4.0.0',
3232 silly audit report       cwe: [Array],
3232 silly audit report       cvss: [Object]
3232 silly audit report     }
3232 silly audit report   ],
3232 silly audit report   'cross-spawn': [
3232 silly audit report     {
3232 silly audit report       id: 1104663,
3232 silly audit report       url: 'https://github.com/advisories/GHSA-3xgq-45jj-v275',
3232 silly audit report       title: 'Regular Expression Denial of Service (ReDoS) in cross-spawn',
3232 silly audit report       severity: 'high',
3232 silly audit report       vulnerable_versions: '<6.0.6',
3232 silly audit report       cwe: [Array],
3232 silly audit report       cvss: [Object]
3232 silly audit report     }
3232 silly audit report   ]
3232 silly audit report }
3233 silly packumentCache corgi:https://registry.npmjs.org/tmp cache-miss
3234 silly packumentCache corgi:https://registry.npmjs.org/minimist cache-miss
3235 silly packumentCache corgi:https://registry.npmjs.org/ajv cache-miss
3236 silly packumentCache corgi:https://registry.npmjs.org/diff cache-miss
3237 silly packumentCache corgi:https://registry.npmjs.org/micromatch cache-miss
3238 silly packumentCache corgi:https://registry.npmjs.org/braces cache-miss
3239 silly packumentCache corgi:https://registry.npmjs.org/yargs-parser cache-miss
3240 silly packumentCache corgi:https://registry.npmjs.org/mem cache-miss
3241 silly packumentCache corgi:https://registry.npmjs.org/cross-spawn cache-miss
3242 warn deprecated inflight@1.0.6: This module is not supported, and leaks memory. Do not use it. Check out lru-cache if you want a good and tested way to coalesce async requests by a key value, which is much more comprehensive and powerful.
3243 warn deprecated source-map-url@0.4.1: See https://github.com/lydell/source-map-url#deprecated
3244 warn deprecated urix@0.1.0: Please see https://github.com/lydell/urix#deprecated
3245 warn deprecated resolve-url@0.2.1: https://github.com/lydell/resolve-url#deprecated
3246 warn deprecated glob@8.1.0: Glob versions prior to v9 are no longer supported
3247 warn deprecated glob@7.2.3: Glob versions prior to v9 are no longer supported
3248 warn deprecated source-map-resolve@0.5.3: See https://github.com/lydell/source-map-resolve#deprecated
3249 warn deprecated glob@7.1.2: Glob versions prior to v9 are no longer supported
3250 warn deprecated mkdirp@0.5.1: Legacy versions of mkdirp are no longer supported. Please update to mkdirp 1.x. (Note that the API surface has changed to use Promises in 1.x.)
3251 http fetch GET 200 https://registry.npmjs.org/yargs-parser 393ms (cache revalidated)
3252 silly packumentCache corgi:https://registry.npmjs.org/yargs-parser set size:114022 disposed:false
3253 http fetch GET 200 https://registry.npmjs.org/minimist 402ms (cache revalidated)
3254 silly packumentCache corgi:https://registry.npmjs.org/minimist set size:29263 disposed:false
3255 http fetch GET 200 https://registry.npmjs.org/tmp 426ms (cache revalidated)
3256 silly packumentCache corgi:https://registry.npmjs.org/tmp set size:23979 disposed:false
3257 http fetch GET 200 https://registry.npmjs.org/mem 460ms (cache revalidated)
3258 silly packumentCache corgi:https://registry.npmjs.org/mem set size:41640 disposed:false
3259 http fetch GET 200 https://registry.npmjs.org/micromatch 622ms (cache revalidated)
3260 silly packumentCache corgi:https://registry.npmjs.org/micromatch set size:71776 disposed:false
3261 http fetch GET 200 https://registry.npmjs.org/ajv 631ms (cache revalidated)
3262 silly packumentCache corgi:https://registry.npmjs.org/ajv set size:461470 disposed:false
3263 http fetch GET 200 https://registry.npmjs.org/braces 869ms (cache revalidated)
3264 silly packumentCache corgi:https://registry.npmjs.org/braces set size:35919 disposed:false
3265 http fetch GET 200 https://registry.npmjs.org/diff 1110ms (cache revalidated)
3266 silly packumentCache corgi:https://registry.npmjs.org/diff set size:56561 disposed:false
3267 http fetch GET 200 https://registry.npmjs.org/cross-spawn 1376ms (cache revalidated)
3268 silly packumentCache corgi:https://registry.npmjs.org/cross-spawn set size:44626 disposed:false
3269 silly packumentCache corgi:https://registry.npmjs.org/solc cache-miss
3270 http fetch GET 200 https://registry.npmjs.org/solc 81ms (cache revalidated)
3271 silly packumentCache corgi:https://registry.npmjs.org/solc set size:155560 disposed:false
3272 silly packumentCache corgi:https://registry.npmjs.org/mkdirp cache-miss
3273 http fetch GET 200 https://registry.npmjs.org/mkdirp 574ms (cache revalidated)
3274 silly packumentCache corgi:https://registry.npmjs.org/mkdirp set size:49417 disposed:false
3275 silly packumentCache corgi:https://registry.npmjs.org/solium cache-miss
3276 http fetch GET 200 https://registry.npmjs.org/solium 443ms (cache revalidated)
3277 silly packumentCache corgi:https://registry.npmjs.org/solium set size:56796 disposed:false
3278 silly packumentCache corgi:https://registry.npmjs.org/mocha cache-miss
3279 http fetch GET 200 https://registry.npmjs.org/mocha 93ms (cache revalidated)
3280 silly packumentCache corgi:https://registry.npmjs.org/mocha set size:393613 disposed:false
3281 silly packumentCache corgi:https://registry.npmjs.org/anymatch cache-miss
3282 silly packumentCache corgi:https://registry.npmjs.org/readdirp cache-miss
3283 http fetch GET 200 https://registry.npmjs.org/readdirp 98ms (cache revalidated)
3284 silly packumentCache corgi:https://registry.npmjs.org/readdirp set size:46202 disposed:false
3285 http fetch GET 200 https://registry.npmjs.org/anymatch 105ms (cache revalidated)
3286 silly packumentCache corgi:https://registry.npmjs.org/anymatch set size:18345 disposed:false
3287 silly packumentCache corgi:https://registry.npmjs.org/yargs cache-miss
3288 http fetch GET 200 https://registry.npmjs.org/yargs 70ms (cache revalidated)
3289 silly packumentCache corgi:https://registry.npmjs.org/yargs set size:342846 disposed:false
3290 silly packumentCache corgi:https://registry.npmjs.org/os-locale cache-miss
3291 http fetch GET 200 https://registry.npmjs.org/os-locale 321ms (cache revalidated)
3292 silly packumentCache corgi:https://registry.npmjs.org/os-locale set size:18006 disposed:false
3293 silly packumentCache corgi:https://registry.npmjs.org/execa cache-miss
3294 http fetch GET 200 https://registry.npmjs.org/execa 58ms (cache revalidated)
3295 silly packumentCache corgi:https://registry.npmjs.org/execa set size:87598 disposed:false
3296 silly packumentCache corgi:https://registry.npmjs.org/vscode-solidity-server cache-miss
3297 http fetch GET 200 https://registry.npmjs.org/vscode-solidity-server 323ms (cache revalidated)
3298 silly packumentCache corgi:https://registry.npmjs.org/vscode-solidity-server set size:9161 disposed:false
3299 silly packumentCache corgi:https://registry.npmjs.org/solium-plugin-security cache-miss
3300 http fetch GET 200 https://registry.npmjs.org/solium-plugin-security 591ms (cache revalidated)
3301 silly packumentCache corgi:https://registry.npmjs.org/solium-plugin-security set size:3184 disposed:false
3302 silly packumentCache corgi:https://registry.npmjs.org/solparse cache-miss
3303 http fetch GET 200 https://registry.npmjs.org/solparse 347ms (cache revalidated)
3304 silly packumentCache corgi:https://registry.npmjs.org/solparse set size:31601 disposed:false
3305 silly packumentCache corgi:https://registry.npmjs.org/chokidar cache-miss
3306 http fetch GET 200 https://registry.npmjs.org/chokidar 87ms (cache revalidated)
3307 silly packumentCache corgi:https://registry.npmjs.org/chokidar set size:118541 disposed:false
3308 silly packumentCache corgi:https://registry.npmjs.org/solparse-exp-jb cache-miss
3309 http fetch GET 200 https://registry.npmjs.org/solparse-exp-jb 341ms (cache revalidated)
3310 silly packumentCache corgi:https://registry.npmjs.org/solparse-exp-jb set size:35448 disposed:false
3311 http fetch GET 200 https://registry.npmjs.org/@vscode/vsce-sign-linux-x64/-/vsce-sign-linux-x64-2.0.6.tgz 281369ms (cache miss)
3312 http fetch GET 200 https://registry.npmjs.org/solc/-/solc-0.8.30.tgz 398647ms (cache miss)
3313 verbose stack Error: process terminated
3313 verbose stack     at /home/phaedrus/.local/lib/node_modules/npm/node_modules/@npmcli/arborist/lib/arborist/reify.js:304:39
3313 verbose stack     at process.<anonymous> (/home/phaedrus/.local/lib/node_modules/npm/node_modules/@npmcli/arborist/lib/signal-handling.js:53:5)
3313 verbose stack     at process.emit (node:events:519:28)
3314 error process terminated
3315 error signal SIGTERM
3316 silly unfinished npm timer reify 1759011371918
3317 verbose cwd /home/phaedrus/.local/share/nvim/mason/staging/vscode-solidity-server
3318 verbose os Linux 6.16.8-arch3-1
3319 verbose node v22.19.0
3320 verbose npm  v11.4.1
3321 verbose exit 1
3322 verbose code 1
3323 error A complete log of this run can be found in: /home/phaedrus/.npm/_logs/2025-09-27T22_16_11_731Z-debug-0.log
